/*Creating a database called Action Role-Playing Game(ARPG)*/
CREATE DATABASE ARPG;

/*Dropping or deleting table if it exist within the database*/

DROP TABLE IF EXISTS Final_Fantasy_VII;

/*Creating a list of tables within the ARPG database*/

CREATE TABLE Final_Fantasy_VII (
    Developers VARCHAR(50),
    Publishers VARCHAR(50),
    Year_Released INT NOT NULL,
    Systems VARCHAR(50),
    Preceded_By VARCHAR(50),
    Followed_By VARCHAR(50),
    Series VARCHAR(50)
);

DROP TABLE IF EXISTS Characters;

CREATE TABLE Characters (
    "Name" VARCHAR(255),
    Age VARCHAR(255),
    Height VARCHAR(255),
    Birthplace VARCHAR(255),
    DOB VARCHAR(255),
    High_Attributes VARCHAR(255),
    Low_Attributes VARCHAR(255),
    Job_Class VARCHAR(255),
    Weapon VARCHAR(255),
    Limit_Break VARCHAR(255),
    Blood_Type VARCHAR(50),
    Best_Traits VARCHAR(255),
    Worst_Traits VARCHAR(255)
);

DROP TABLE IF EXISTS Limit_Breaks;

CREATE TABLE Limit_Breaks (
    Character VARCHAR(255),
    "Name" VARCHAR(255),
    "Level" INT NOT NULL,
    "Description" VARCHAR(255)
);

DROP TABLE IF EXISTS Attributes;

CREATE TABLE Attributes (
    "Name" VARCHAR(50),
    "Description" VARCHAR(255)
);

DROP TABLE IF EXISTS World_Map_Locations;

CREATE TABLE World_Map_Locations (
    Midgar_Area VARCHAR(255),
    Glasslands_Area VARCHAR(255),
    Junon_Area VARCHAR(255),
    "Corea_&_Saucer_Area" VARCHAR(255),
    "Gongaga_&_Cosmo_Area" VARCHAR(255),
    "Nibel_&_Rocket_Launch_Area" VARCHAR(255),
    Wutai_Area VARCHAR(255),
    Woodlands_Area VARCHAR(255),
    Icicle_Area VARCHAR(255),
    Mideel_Area VARCHAR(255),
    Other_Area VARCHAR(255)
);

DROP TABLE IF EXISTS Weapons;

CREATE TABLE Weapons (
    "Character" VARCHAR(255),
    "Name" VARCHAR(255),
    Attack INT NOT NULL,
    "Attack_%" INT NOT NULL,
    Magic INT NOT NULL,
    Ability_Points VARCHAR(255),
    Materia_Slots VARCHAR(255),
    Materia_Growth VARCHAR(255),
    Special VARCHAR(255),
    Price INT NOT NULL,
    "Location" VARCHAR(255)
);

DROP TABLE IF EXISTS Armor;

CREATE TABLE Armor (
    "Name" VARCHAR(255),
    Defense INT NOT NULL,
    Defense_Rate INT NOT NULL,
    Magic_Defense INT NOT NULL,
    Magic_Defense_Rate INT NOT NULL,
    Ability_Points VARCHAR(100),
    Materia_Slots VARCHAR(255),
    Materia_Growth VARCHAR(255),
    Special VARCHAR(255),
    Price VARCHAR(100),
    "Location" VARCHAR(255)
);

DROP TABLE IF EXISTS Accessory;

CREATE TABLE Accessory (
    "Name" VARCHAR(255),
    "Tier Level" VARCHAR(50),
    Buying_Price VARCHAR(100),
    Selling_Price VARCHAR(100),
    "Description" VARCHAR(255),
    "Location" VARCHAR(255)
);

DROP TABLE IF EXISTS Items;

CREATE TABLE Items(
    "Name" VARCHAR(255),
    "Type" VARCHAR(255),
    Price VARCHAR(255),
    "Target" VARCHAR(255),
    "Description" VARCHAR(255),
    "Location" VARCHAR(255)
);

DROP TABLE IF EXISTS Magic_Materia;

CREATE TABLE Magic_Materia (
    "Name" VARCHAR(255),
    "Type" VARCHAR(255),
    Growth VARCHAR(255),
    Ability_Points INT NOT NULL,
    Spell VARCHAR(255),
    Mana_Points_Cost VARCHAR(255),
    "Attack_%" VARCHAR(255),
    "Power" VARCHAR(255),
    Element VARCHAR(255),
    Reflect VARCHAR(200),
    Strength INT NOT NULL,
    Vitality INT NOT NULL,
    Magic INT NOT NULL,
    Magic_Defense INT NOT NULL,
    Max_Health_Points VARCHAR(150),
    Max_Mana_Points VARCHAR(150),
    Price VARCHAR(150),
    Max_Price INT NOT NULL,
    "Location" VARCHAR(255)
);

DROP TABLE IF EXISTS Summon_Materia;

CREATE TABLE Summon_Materia (
    "Name" VARCHAR(255),
    "Type" VARCHAR(255),
    Magic_Points_Cost INT NOT NULL,
    Element VARCHAR(255),
    Magic INT NOT NULL,
    Magic_Defense INT NOT NULL,
    Max_Health_Points VARCHAR(150),
    Max_Mana_Points VARCHAR(150),
    "Level" VARCHAR(255),
    Ability_Points INT NOT NULL,
    "Description" VARCHAR(255),
    "Location" VARCHAR(255)
);

DROP TABLE IF EXISTS Command_Materia;

CREATE TABLE Command_Materia (
    "Name" VARCHAR(255),
    "Type" VARCHAR(255),
    Strength VARCHAR(255),
    Magic VARCHAR(255),
    Vitality VARCHAR(255),
    Magic_Defense VARCHAR(255),
    Max_Health_Points VARCHAR(150),
    Max_Mana_Points VARCHAR(150),
    Luck VARCHAR(255),
    Price VARCHAR(150),
    "Level" VARCHAR(255),
    "Description" VARCHAR(255),
    Ability_Points INT NOT NULL,
    "Location" VARCHAR(255)
);

DROP TABLE IF EXISTS Enemy_Skills;

CREATE TABLE Enemy_Skills (
    "Name" VARCHAR(255),
    Magic_Points VARCHAR(255),
    Enemies VARCHAR(255),
    "Target" VARCHAR(255),
    "Description" VARCHAR(255),
    "Location" VARCHAR(255)
);

DROP TABLE IF EXISTS Support_Materia;

CREATE TABLE Support_Materia (
    "Name" VARCHAR(255),
    "Type" VARCHAR(255),
    Strength VARCHAR(255),
    Magic VARCHAR(255),
    Vitality VARCHAR(255),
    Magic_Defense VARCHAR(255),
    Max_Health_Points VARCHAR(150),
    Max_Mana_Points VARCHAR(150),
    Luck VARCHAR(255),
    Price VARCHAR(150),
    "Level" VARCHAR(255),
    "Description" VARCHAR(255),
    Ability_Points INT NOT NULL,
    "Location" VARCHAR(255)
);

DROP TABLE IF EXISTS Independent_Materia;

CREATE TABLE Independent_Materia (
    "Name" VARCHAR(255),
    "Type" VARCHAR(255),
    Strength VARCHAR(255),
    Magic VARCHAR(255),
    Vitality VARCHAR(255),
    Magic_Defense VARCHAR(255),
    Max_Health_Points VARCHAR(150),
    Max_Mana_Points VARCHAR(150),
    Luck VARCHAR(255),
    Price VARCHAR(150),
    "Level" VARCHAR(255),
    "Description" VARCHAR(255),
    Ability_Points INT NOT NULL,
    "Location" VARCHAR(255)
);

DROP TABLE IF EXISTS Enemies;

/*Gil = Money*/

CREATE TABLE Enemies (
    "Name" VARCHAR(255),
    "Level" INT NOT NULL,
    "Enemy_Skill" VARCHAR(255),
    Health_Points INT NOT NULL,
    Mana_Points INT NOT NULL,
    Ability_Points INT NOT NULL,
    Experience_Points INT NOT NULL,
    Gil INT NOT NULL,
    Weakness VARCHAR(255),
    Item_Drop VARCHAR(255),
    Item_Steal VARCHAR(255),
    Morph VARCHAR(255),
    "Location" VARCHAR(255)
);

DROP TABLE IF EXISTS Bosses;

CREATE TABLE Bosses (
    "Name" VARCHAR(255),
    "Level" INT NOT NULL,
    "Enemy_Skill" VARCHAR(255),
    Health_Points INT NOT NULL,
    Mana_Points INT NOT NULL,
    Ability_Points INT NOT NULL,
    Experience_Points INT NOT NULL,
    Gil INT NOT NULL,
    Weakness VARCHAR(255),
    Item_Drop VARCHAR(255),
    Item_Steal VARCHAR(255),
    Morph VARCHAR(255),
    "Location" VARCHAR(255)
);

/*Inputting the data information into each columns within the specific table*/

INSERT INTO dbo.Final_Fantasy_VII (Developers, Publishers, Year_Released, Systems, Preceded_By, Followed_By, Series)
    VALUES ('Square', 'Square, Sony Computer Entertainment', '1997', 'Playstation, Playstation 3, PlayStation Portable', 'Final Fantasy VI', 'Final Fantasy VIII', 'Final Fantasy');


/*Forgot to add a couple columns into the Final_Fantasy_VII table, so I need to alter the table*/

ALTER TABLE dbo.Final_Fantasy_VII
ADD Designer VARCHAR(50),
    Genre VARCHAR(50),
    Modes VARCHAR(50),
    Rating VARCHAR(50);

/*Decide to drop and redo the whole Final_Fantasy_VII table since I alter the table and execute the query due to not including "NOT NULL" when adding a new columns*/
/*I've done a couple testing to see if the data exist in the column by SELECT * FROM Final_Fantasy_VII, in which the last 4 columns were "NULL"*/

DROP TABLE IF EXISTS dbo.Final_Fantasy_VII;

CREATE TABLE Final_Fantasy_VII (
    Developers VARCHAR(50),
    Publishers VARCHAR(50),
    Year_Released INT NOT NULL,
    Systems VARCHAR(50),
    Preceded_By VARCHAR(50),
    Followed_By VARCHAR(50),
    Series VARCHAR(50),
    Designer VARCHAR(50),
    Genre VARCHAR(50),
    Modes VARCHAR(50),
    Rating VARCHAR(50)
);

INSERT INTO Final_Fantasy_VII (Developers, Publishers, Year_Released, Systems, Preceded_By, Followed_By, Series, Designer, Genre, Modes, Rating)
    VALUES ('Square', 'Square, Sony Computer Entertainment', '1997', 'Playstation, Playstation 3, PlayStation Portable', 'Final Fantasy VI', 'Final Fantasy VIII', 'Final Fantasy', 'Hironobu Sakaguchi', 'RPG', 'Single-Player', 'ESRB Teen');

/*After executing the query. I tested SELECT * FROM Final_Fantasy_VII and all the data are shown within the columns of the table.*/

/*The rest of the queries below are inputting all the data information by tables that have been created above.*/

INSERT INTO Attributes (Name, [Description])
    VALUES ('Strength', 'Rules the damage dealt with physical attacks'),
        ('Vitality', 'Rules the physical defense'),
        ('Dexterity', 'Determines the speed at which the active time battle (ATB) gauge is filled and the chance to dodge or hit by an enemy physical attack'),
        ('Magic', 'Rules the effectiveness of spells'),
        ('Spirit', 'Rules the magical defense'),
        ('Luck', 'Determines the chance of dealing a critical hit and affects the chance to hit or miss by enemy')

        GO

INSERT INTO Characters (Name, Age, Height, Birthplace, DOB, High_Attributes, Low_Attributes, Job_Class, Weapon, Limit_Break, Blood_Type, Best_Traits, Worst_Traits)
    VALUES ('Cloud Strife', '21', '5ft 7', 'Nibelheim', 'August 17', 'Strength, Vitality, Magic, Spirit', 'None', 'Hero(Superior Red Mage)', 'Swords', 'Braver, Cross-Slash, Blade Beam, Climhazzard, Meteoran, Finishing Touch, Omnislash', 'AB', 'Cool, Controlled, Rational, Socialable, Adaptable', 'Critical, Indecisive, Forgetful, Irresponsible, Split Personality'),
        ('Barret Wallace', '35', '6ft 5', 'Corel Village', 'December 15', 'Strength, Vitality', 'Dexterity, Magic, Spirit, Luck', 'Warrior', 'Gun-arms', 'Big Shot, Mind Blow, Grenade Bomb, Hammer Blow, Satellite Beam, Angermax, Catastrophe', 'O', 'Confident, Self-Determined, Optimistic, Strong-Willed, Intuitive', 'Self-Centered, Cold, Doubtful, Unpredictable, Workaholic'),
        ('Tifa Lockheart', '22', '5ft 5', 'Nibelheim', 'May 3', 'Strength, Dexterity, Luck', 'Magic', 'Monk', 'Gloves', 'Beat Rush, Somersault, Waterkick, Meteodrive, Dolphin Blow, Meteor Strike, Final Heaven', 'B', 'Passionate, Active, Doer, Creative, Strong', 'Irresponsible, Ungorgiving, "Going Own Way"'),
        ('Aeris Gainsborough', '22', '5ft 4', 'Icicle Inn', 'February 7', 'Magic, Spirit', 'Strength, Vitality, Dexterity, Luck', 'Sage', 'Staves', 'Healing Wind, Seal Evil, Breath of Earth, Fury Brand, Planet Protector, Pulse of Life, Great Gospel', 'O', 'Confident, Self-Determined, Optimistic, Strong-Willed, Intuitive', 'Self-Centered, Cold, Doubtful, Unpredictable, Workaholic'),
        ('Red XIII', '48', '2ft 5', 'Cosmo Canyon', 'Unknown', 'Dexterity', 'Luck', 'Theif', 'Head-dresses', 'Sled Fang, Lunatic High, Blood Fang, Stardus Ray, Howling Moon, Earth Rave, Cosmo Memory', 'Unknown', 'Unknown', 'Unknown'),
        ('Cait Sith', 'Unknown', '3ft 3', 'Shinra HQ', 'Unknown', 'Magic, Spirit, Luck', 'Strength, Vitality, Dexterity', 'White Mage', 'Megaphones', 'Dice, Slots', 'Unknown', 'Unknown', 'Unknown'),
        ('Cid Highwind', '32', '5ft 8', 'Unknown', 'February 22', 'Vitality', 'Magic, Spirit, Luck', 'Warrior, Dragoon', 'Spears', 'Boost Jump, Dynamite, Hyper Jump, Dragon, Dragon Dive, Big Brawl, Highwind', 'B', 'Passionate, Active, Doer, Creative, Strong', 'Irresponsible, Ungorgiving, "Going Own Way"'),
        ('Yuffie Kisaragi', '16', '5ft 2', 'Wutai', 'November 20', 'Dexterity, Luck', 'Spirit', 'Thief', 'Shurikens, Throwing Weapons', 'Greased Lightning, Clear Tranquil, Landscaper, Bloodfest, Gauntlet, Doom of the Living, All Creation', 'A', 'Earnest, Creative, Sensible, Reserved, Patient, Responsible', 'Fastidious, Overearnest, Stubborn, Tense'),
        ('Vincent Valentine', '27', '6ft 0', 'Unknown', 'October 13', 'Magic, Spirit, Luck', 'Strength, Vitality, Dexterity', 'Black Mage', 'Guns', 'Beast Flare, Berserk Dance, Gigadunk, Livewire, Splatter Combo, Nightmare, Chaos Saber, Satan Slam', 'A', 'Earnest, Creative, Sensible, Reserved, Patient, Responsible', 'Fastidious, Overearnest, Stubborn, Tense')

        GO

INSERT INTO Limit_Breaks ([Character], Name, [Level], [Description])
    VALUES ('Cloud Strife', 'Braver', '1', 'Damages one enemy'),
        ('Cloud Strife', 'Cross Slash', '1', 'Attack & Debuff: Damages one enemy, inflicts Stop'),
        ('Cloud Strife', 'Blade Beam', '2', 'Damages one enemy, splits to damage all others'),
        ('Cloud Strife', 'Climhazzard', '2', 'Damages one enemy'),
        ('Cloud Strife', 'Meteorain', '3', 'Damages random enemies'),
        ('Cloud Strife', 'Finishing Touch', '3', 'May remove enemies from battle'),
        ('Cloud Strife', 'Omnislash', '4', '15 slash attacks'),
        ('Barret Wallace', 'Big Shot', '1', 'Damages one enemy'),
        ('Barret Wallace', 'Mindblow', '1', 'Debuff: Removes one enemy Mana Point(MP)'),
        ('Barret Wallace', 'Grenade Bomb', '2', 'Damages all enemies'),
        ('Barret Wallace', 'Hammer Blow', '2', 'May instantly kill an enemy'),
        ('Barret Wallace', 'Satellite Beam', '3', 'Damages all enemies'),
        ('Barret Wallace', 'Angermax', '3', '18 attacks on random enemies'),
        ('Barret Wallace', 'Catastrophe', '4', '10 attacks on random enemies'),
        ('Tifa Lockheart', 'Beat Rush', '1', 'Damages one enemy'),
        ('Tifa Lockheart', 'Somersault', '1', 'Damages one enemy'),
        ('Tifa Lockheart', 'Waterkick', '2', 'Damages one enemy, Water-Elemental'),
        ('Tifa Lockheart', 'Meteodrive', '2', 'Damages one enemy'),
        ('Tifa Lockheart', 'Dolphin Blow', '3', 'Damages one enemy'),
        ('Tifa Lockheart', 'Meteor Strike', '3', 'Damages one enemy'),
        ('Tifa Lockheart', 'Final Heaven', '4', 'Damages all enemies'),
        ('Aeris Gainsborough', 'Healing Wind', '1', 'Support: Heals the party for half their Health Point(HP)'),
        ('Aeris Gainsborough', 'Seal Evil', '1', 'Debuff: May Stop and Silence an enemy'),
        ('Aeris Gainsborough', 'Breath of the Earth', '2', 'Support: Cures all party members status ailments'),
        ('Aeris Gainsborough', 'Fury Brand', '2', 'Support: Fills all allies limit bars'),
        ('Aeris Gainsborough', 'Planet Protector', '3', 'Support: Makes the whole party invincible for a while'),
        ('Aeris Gainsborough', 'Pulse of Life', '3', 'Support: Completely heals party'),
        ('Aeris Gainsborough', 'Great Gospel', '4', 'Support: Planet Protector + Pulse of Life'),
        ('Red XIII', 'Sled Fang', '1', 'Damages one enemy'),
        ('Red XIII', 'Lunatic High', '1', 'Support: Cast haste on the party'),
        ('Red XIII', 'Blood Fang', '2', 'Attack & Support: Drains Health Point(HP) and Mana Point(MP) from one enemey'),
        ('Red XIII', 'Stardust Ray', '2', '10 random attacks'),
        ('Red XIII', 'Howling Moon', '3', 'Support: Casts Haste, Berserk and strength-up on Red XIII'),
        ('Red XIII', 'Earth Rave', '3', '5 random attacks'),
        ('Red XIII', 'Cosmo Memory', '4', 'Damages all enemies'),
        ('Cait Sith', 'Dice', '1', 'Damages one enemy for 100 times the sum of the dice'),
        ('Cait Sith', 'Slots', '2', 'Random effects'),
        ('Cid Highwind', 'Boost Jump', '1', 'Damages one enemy'),
        ('Cid Highwind', 'Dynamite', '1', 'Damages all enemies'),
        ('Cid Highwind', 'Hyper Jump', '2', 'Damages all enemies'),
        ('Cid Highwind', 'Dragon', '2', 'Attack & Support: Drains Health Point(HP) and Mana Point(MP) from one enemy'),
        ('Cid Highwind', 'Dragon Dive', '3', '6 random attacks'),
        ('Cid Highwind', 'Big Brawl', '3', '8 random attacks'),
        ('Cid Highwind', 'Highwind', '4', '18 random attacks'),
        ('Yuffie Kisaragi', 'Greased Lightning', '1', 'Damages one enemy'),
        ('Yuffie Kisaragi', 'Clear Tranquil', '1', 'Support: Heals party'),
        ('Yuffie Kisaragi', 'Landscaper', '2', 'Damages all enemies'),
        ('Yuffie Kisaragi', 'Bloodfest', '2', '10 random attacks'),
        ('Yuffie Kisaragi', 'Gauntlet', '3', 'Damages all enemies'),
        ('Yuffie Kisaragi', 'Doom of the Living', '3', '15 random attacks'),
        ('Yuffie Kisaragi', 'All Creation', '4', 'Damages all enemies'),
        ('Vincent Valentine', 'Galian Beast', '1', 'Effect 1 - Berserk Dance: Damages one enemy, Effect 2 - Beast Flare: Fire damage to all enemies'),
        ('Vincent Valentine', 'Death Gigas', '2', 'Effect 1 - Giga Dunk: Damages one enemy, Effect 2 - Livewire: Lightning damage to all enemies'),
        ('Vincent Valentine', 'Hellmasker', '3', 'Effect 1 - Splattercombo: Damages one enemy, Effect 2 - Nightmare: (Debuff) Status ailments to one enemy'),
        ('Vincent Valentine', 'Chaos', '4', 'Effect 1 - Chaos Saber: Fire damage to all enemies, Effect 2 - Satan Slam: Attempts instant death, then does fire damage to all enemies')

        GO

INSERT INTO Weapons ([Character], Name, Attack, [Attack_%], Magic, Ability_Points, Materia_Slots, Materia_Growth, Special, Price, [Location])
    VALUES ('Cloud Strife', 'Buster Sword', '18', '96', '2', 'x2', '[2-Linked] x1', 'Normal', 'Magic +2', '120', 'Initial Equipment'),
        ('Cloud Strife', 'Mythril Saber', '23', '98', '4', 'x3', '[2-Linked, 1] x1', 'Normal', 'Magic +4', '1000', 'Buy: Kalm(Shop), Lower Junon(Shop)'),
        ('Cloud Strife', 'Hardedge', '32', '98', '6', 'x4', '[2-Linked, 1, 1] x1', 'Normal', 'None', '1500', 'Find: Shinra HQ - Solder 3rd(Steal), Buy: Upper Junon(Shop), Gongaga Village(Shop)'),
        ('Cloud Strife', 'Force Stealer', '36', '100', '7', 'x6', '[1, 1, 1] x2', 'Double', 'None', '2200', 'Find: Heidegger in Junon Dock(Prize), Buy: North Corel(Shop)'),
        ('Cloud Strife', 'Butterfly Edge', '39', '100', '8', 'x4', '[2-Linked, 2-Linked] x1', 'Normal', 'None', '2800', 'Buy: Cosmo Canyon(Shop)'),
        ('Cloud Strife', 'Rune Blade', '40', '108', '9', 'x8', '[1, 1, 1, 1] x2', 'Double', 'None', '3800', 'Find: Mt.Nibel(Treasure), Buy: Upper Junon(Shop)'),
        ('Cloud Strife', 'Enhance Sword', '43', '107', '16', 'x8', '[2-Linked, 2-Linked, 2-Linked, 2-Linked] x1', 'Normal', 'None', '12000', 'Buy: Upper Junon(Shop), Find: Gaea Cliff(Treasure)'),
        ('Cloud Strife', 'Murasame', '51', '100', '12', 'x5', '[2-Linked, 2-Linked, 1] x1', 'Normal', 'None', '6500', 'Buy: Wutai(Shop)'),
        ('Cloud Strife', 'Yoshiyuki', '56', '100', '9', 'x2', '[1, 1] x1', 'Normal', 'Double power when an ally is down; Triple when two allies are down', '4200', 'Find: Rocket Town'),
        ('Cloud Strife', 'Organics', '62', '103', '15', 'x6', '[2-Linked, 2-Linked, 1, 1] x1', 'Normal', 'None', '12000', 'Buy: Icicle Inn(Shop)'),
        ('Cloud Strife', 'Nail Bat', '70', '100', '0', 'x0', 'None', 'None', 'Critical %+', '2800', 'Find: Temple of the Ancients(Treasure), Buy: Lower Junon(Shop)'),
        ('Cloud Strife', 'Crystal Sword', '76', '105', '19', 'x6', '[2-Linked, 2-Linked, 2-Linked] x1', 'Normal', 'None', '18000', 'Buy: Mideel(Shop)'),
        ('Cloud Strife', 'Apocalypse', '88', '110', '43', 'x9', '[1, 1, 1] x3', 'Triple', 'Spirit +16', '0', 'Find: Ancient Forest(Treasure)'),
        ('Cloud Strife', 'Heavens Cloud', '93', '100', '31', 'x6', '[1, 1, 1, 1, 1, 1] x1', 'Normal', 'None', '0', 'Find: Sunken Plane(Treasure)'),
        ('Cloud Strife', 'Ragnarok', '97', '105', '43', 'x6', '[2-Linked, 2-Linked, 2-Linked] x1', 'Normal', 'Spirit +35', '0', 'Find: Midgar Sector 8 - Proud Clod(Drop)'),
        ('Cloud Strife', 'Ultima Weapon', '100', '105', '51', 'x0', '[2-Linked, 2-Linked, 2-Linked, 2-Linked] x0', 'None', 'Magic +51, Spirit +24, Damage is calculated when Cloud has high Health Point(HP)', '0', 'Find: Cosmo Area - Ultima Weapon(Drop)'),
        ('Barret Wallace', 'Gatling Gun', '14', '97', '0', 'x1', '[1] x1', 'Normal', 'Ranged', '120', 'Initial Equipment'),
        ('Barret Wallace', 'Assault Gun', '17', '98', '1', 'x2', '[2-Linked] x1', 'Normal', 'Ranged', '350', 'Buy: Sector 7 Slums(Shop), Wall Market(Shop), Find: Number 1 Reactor - Guard Scorpion(Drop)'),
        ('Barret Wallace', 'Cannon Ball', '23', '98', '2', 'x3', '[2-Linked, 1] x1', 'Normal', 'None', '950', 'Buy: Kalm(Shop), Lower Junon(Shop)'),
        ('Barret Wallace', 'W-Machine Gun', '30', '100', '3', 'x6', '[1, 1, 1] x2', 'Double', 'Ranged', '0', 'Buy: Upper Junon(Shop), Find: Mt. Corel(Treasure), Junon - Death Machine(Drop)'),
        ('Barret Wallace', 'Atomic Scissors', '32', '99', '4', 'x4', '[2-Linked, 1, 1] x1', 'Normal', 'None', '1400', 'Buy: Lower Junon(Shop), Gongaga Village(Shop), Find: Midgar Area - Custom Sweeper(Steal)'),
        ('Barret Wallace', 'Enemy Launcher', '35', '100', '7', 'x5', '[2-Linked, 1, 1, 1] x1', 'Normal', 'Ranged', '3300', 'Buy: Lower Junon(Shop), Find: Shinra Mansion(Treasure)'),
        ('Barret Wallace', 'Drill Arm', '37', '97', '0', 'x8', '[1, 1, 1, 1] x2', 'Double', 'None', '3300', 'Buy: Upper Junon(Shop), Find: Rocket Town(Treasure)'),
        ('Barret Wallace', 'Heavy Vulcan', '39', '97', '8', 'x4', '[2-Linked, 2-Linked] x1', 'Normal', 'Ranged', '3700', 'Buy: Cosmo Canyon(Shop)'),
        ('Barret Wallace', 'Chainsaw', '52', '100', '10', 'x5', '[2-Linked, 2-Linked, 1] x1', 'Normal', 'None', '6300', 'Buy: Wutai(Shop)'),
        ('Barret Wallace', 'Solid Bazooka', '61', '100', '15', 'x8', '[2-Linked, 2-Linked, 2-Linked, 2-Linked] x1', 'Normal', 'Ranged', '16000', 'Buy: Costa del Sol(Shop)'),
        ('Barret Wallace', 'Rocket Punch', '62', '110', '0', 'x0', 'None', 'None', 'None', '3200', 'Buy: Lower Junon(Shop), Find: Temple of the Ancients(Treasure)'),
        ('Barret Wallace', 'Microlaser', '63', '101', '13', 'x6', '[2-Linked, 2-Linked, 1, 1] x1', 'Normal', 'Ranged', '12000', 'Buy: Icicle Inn(Shop)'),
        ('Barret Wallace', 'A-M Cannon', '77', '103', '16', 'x6', '[2-Linked, 2-Linked, 2-Linked] x1', 'Normal', 'Ranged', '18000', 'Buy: Mideel(Shop)'),
        ('Barret Wallace', 'Pile Banger', '80', '90', '0', 'x0', '[2-Linked, 2-Linked, 2-Linked] x0', 'None', 'None', '0', 'Find: Shinra HQ 2F(Treasure)'),
        ('Barret Wallace', 'Max Ray', '97', '98', '30', 'x6', '[2-Linked, 2-Linked, 2-Linked] x1', 'Normal', 'Ranged', '0', 'Find: Sector 8 - Underground(Treasure)'),
        ('Barret Wallace', 'Missing Score', '98', '108', '49', 'x0', '[2-Linked, 2-Linked, 2-Linked, 2-Linked] x0', 'None', 'Ranged, Damage is calculated based on Ability Point(AP) on Materia', '0', 'Find: Mako Cannon(Treasure)'),
        ('Tifa Lockheart', 'Leather Glove', '13', '99', '0', 'x1', '[1] x1', 'Normal', 'None', '120', 'Initial Equipment'),
        ('Tifa Lockheart', 'Metal Knuckle', '18', '102', '1', 'x2', '[2-Linked] x1', 'Normal', 'None', '320', 'Buy: Wall Market(Shop)'),
        ('Tifa Lockheart', 'Mythril Claw', '24', '106', '3', 'x3', '[2-Linked, 1] x1', 'Normal', 'None', '750', 'Buy: Kalm(Shop), Lower Junon(Shop)'),
        ('Tifa Lockheart', 'Motor Drive', '27', '106', '6', 'x6', '[1, 1, 1] x2', 'Double', 'None', '1800', 'Find: Costa del Sol(Treasure)'),
        ('Tifa Lockheart', 'Powersoul', '28', '106', '7', 'x8', '[1, 1, 1, 1] x2', 'Double', 'Low-Health Point(HP): Attack x2, Death Sentence: Attack x4', '4200', 'Find:Mt. Nibel(Treasure), Buy: Lower Junon(Shop)'),
        ('Tifa Lockheart', 'Platinum Fist', '30', '108', '7', 'x8', '[1, 1, 1, 1] x2', 'Double', 'None', '700', 'Find: Nibelheim, Buy: Upper Junon(Shop)'),
        ('Tifa Lockheart', 'Grand Glove', '31', '110', '6', 'x4', '[2-Linked, 1, 1] x1', 'Normal', 'None', '1200', 'Buy: Upper Junon(Shop), Lower Junon(Shop), Gongaga Village(Shop), Find: Mythril Mine - Madouge(Steal)'),
        ('Tifa Lockheart', 'Tiger Fang', '38', '110', '8', 'x4', '[2-Linked, 2-Linked] x1', 'Normal', 'None', '500', 'Buy: Cosmo Canyon(Shop)'),
        ('Tifa Lockheart', 'Master Fist', '38', '108', '0', 'x6', '[1, 1, 1, 1, 1, 1] x1', 'Normal', 'Status Effect: Damage x2', '0', 'Find: Shinra HQ 2F(Treasure)'),
        ('Tifa Lockheart', 'Kaiser Knuckle', '44', '110', '13', 'x8', '[2-Linked, 1, 1, 1, 1, 1, 1] x1', 'Normal', 'None', '15000', 'Buy: Upper Junon(Shop), Find: Whirlwind Maze(Treasure)'),
        ('Tifa Lockheart', 'Diamond Knuckle', '51', '112', '10', 'x5', '[2-Linked, 2-Linked, 1] x1', 'Normal', 'None', '5800', 'Buy: Wutai(Shop)'),
        ('Tifa Lockheart', 'Dragon Claw', '62', '114', '13', 'x6', '[2-Linked, 2-Linked, 1], [1] x1', 'Normal', 'None', '10000', 'Buy: Icicle Inn(Shop)'),
        ('Tifa Lockheart', 'Work Glove', '68', '114', '0', 'x0', 'None', 'None', 'None', '2200', 'Buy: Lower Junon(Shop), Find: Temple of the Ancients(Treasure)'),
        ('Tifa Lockheart', 'Crystal Glove', '75', '115', '16', 'x6', '[2-Linked, 2-Linked, 2-Linked] x1', 'Normal', 'None', '16000', 'Buy: Mideel(Shop)'),
        ('Tifa Lockheart', 'Gods Hand', '86', '255', '34', 'x4', '[2-Linked, 2-Linked] x1', 'Normal', 'None', '0', 'Find: Submarine Bay - Carry Armor(Drop)'),
        ('Tifa Lockheart', 'Premium Heart', '99', '112', '32', 'x0', '[2-Linked, 2-Linked, 2-Linked, 2-Linked] x0', 'None', 'Damage calculated based on Tifa Limit Break gauge is filled', '0', 'Find: Wall Market'),
        ('Aeris Gainsborough', 'Guard Stick', '12', '99', '2', 'x1', '[1] x1', 'Normal', 'Vitality +4, Spirit +4', '140', 'Initial Equipment'),
        ('Aeris Gainsborough', 'Mythril Rod', '16', '100', '3', 'x2', '[2-Linked] x1', 'Normal', 'None', '370', 'Buy: Wall Market(Shop)'),
        ('Aeris Gainsborough', 'Full Metal Staff', '22', '100', '4', 'x3', '[2-Linked, 1] x1', 'Normal', 'None', '800', 'Buy: Kalm(Shop), Lower Junon(Shop)'),
        ('Aeris Gainsborough', 'Wizard Staff', '28', '100', '6', 'x6', '[1, 1, 1] x2', 'Double', 'None', '1800', 'Buy: Upper Junon(Shop), Find: Mt. Corel(Treasure)'),
        ('Aeris Gainsborough', 'Striking Staff', '32', '100', '7', 'x4', '[2-Linked, 1, 1] x1', 'Normal', 'None', '1300', 'Buy: Upper Junon(Shop), Gongaga Village(Shop), Find: Train Graveyard - Eligor(Steal), Gold Saucer - Harpy(Steal)'),
        ('Aeris Gainsborough', 'Wizer Staff', '33', '100', '7', 'x8', '[1, 1, 1, 1] x2', 'Double', 'None', '3200', 'Buy: Upper Junon(Shop), Find: Gi Cave - Gi Nattak(Drop)'),
        ('Aeris Gainsborough', 'Fairy Tale', '37', '103', '8', 'x7', '[1, 1, 1, 1, 1, 1, 1] x1', 'Normal', 'None', '500', 'Buy: Upper Junon(Shop), Find: Gongaga - Reno(Drop)'),
        ('Aeris Gainsborough', 'Prism Staff', '40', '105', '10', 'x4', '[2-Linked, 2-Linked] x1', 'Normal', 'None', '600', 'Buy: Cosmo Canyon(Shop)'),
        ('Aeris Gainsborough', 'Aurora Rod', '51', '110', '14', 'x5', '[2-Linked, 2-Linked, 1] x1', 'Normal', 'None', '5800', 'Buy: Wutai(Shop)'),
        ('Aeris Gainsborough', 'Princess Guard', '52', '111', '22', 'x6', '[2-Linked, 2-Linked, 2-Linked] x1', 'Normal', 'Vitality +12, Spirit +20, Power x2: When ally is down, Power x3: when 2 ally are down', '7500', 'Find: Temple of the Ancients(Treasure)'),
        ('Aeris Gainsborough', 'Umbrella', '58', '118', '10', 'x0', 'None', 'None', 'Vitality +20, Critical %+', '3800', 'Find: Gold Saucer'),
        ('Red XIII', 'Mythril Clip', '24', '100', '6', 'x3', '[2-Linked, 1] x1', 'Normal', 'None', '800', 'Initial Equipment, Buy: Lower Junon(Shop)'),
        ('Red XIII', 'Diamond Pin', '33', '102', '8', 'x4', '[2-Linked, 1, 1] x1', 'Normal', 'None', '1300', 'Buy: Upper Junon(Shop), Gongaga Village(Shop), Find: Mt.Corel - Bagnadrana(Steal)'),
        ('Red XIII', 'Magic Comb', '37', '100', '4', 'x6', '[1, 1, 1] x2', 'Double', 'None', '2000', 'Buy: Upper Junon(Shop), Find: Fort Condor'),
        ('Red XIII', 'Plus Barrette', '39', '104', '12', 'x8', '[1, 1, 1, 1] x2', 'Double', 'None', '3500', 'Buy: Upper Junon(Shop), Find: Mt. Nibel(Treasure)'),
        ('Red XIII', 'Silver Barrette', '40', '110', '10', 'x4', '[2-Linked, 2-Linked] x1', 'Normal', 'None', '500', 'Buy: Cosmo Canyon(Shop)'),
        ('Red XIII', 'Gold Barrette', '50', '104', '13', 'x5', '[2-Linked, 2-Linked, 1] x1', 'Normal', 'None', '6000', 'Buy: Wutai(Shop)'),
        ('Red XIII', 'Hairpin', '57', '120', '15', 'x0', 'None', 'None', 'Ranged, Critical %+', '6000', 'Buy: Upper Junon(Shop), Find: Wutai(Treasure)'),
        ('Red XIII', 'Centclip', '58', '108', '22', 'x8', '[1, 1, 1, 1, 1, 1, 1, 1] x1', 'Normal', 'None', '14000', 'Buy: Costa del Sol(Shop)'),
        ('Red XIII', 'Adaman Clip', '60', '106', '15', 'x6', '[2-Linked, 2-Linked, 1, 1] x1', 'Normal', 'None', '11000', 'Buy: Icicle Inn(Shop)'),
        ('Red XIII', 'Seraph Comb', '68', '110', '14', 'x4', '[1, 1, 1, 1] x1', 'Normal', 'None', '8000', 'Find: Cave of Gi'),
        ('Red XIII', 'Crystal Comb', '76', '108', '20', 'x6', '[2-Linked, 2-Linked, 2-Linked] x1', 'Normal', 'None', '17000', 'Buy: Mideel(Shop)'),
        ('Red XIII', 'Spring Gun Clip', '87', '100', '55', 'x6', '[2-Linked, 2-Linked, 2-Linked] x1', 'Normal', 'None', '0', 'Find: Ancient Forest(Treasure)'),
        ('Red XIII', 'Behemoth Horn', '91', '75', '26', 'x6', '[1, 1, 1, 1, 1, 1] x1', 'Normal', 'Vitality +35, Spirit +18', '0', 'Find: Shinra HQ 2F(Treasure)'),
        ('Red XIII', 'Limited Moon', '93', '114', '31', 'x0', '[2-Linked, 2-Linked, 2-Linked, 2-Linked] x0', 'None', 'Damage is calculated based on Red XIII Mana Point(MP) gauge is filled', '0', 'Find: Cosmos Canyon - Bugenhagen'),
        ('Cait Sith', 'Silver Megaphone', '28', '106', '14', 'x8', '[1, 1, 1, 1, 1, 1, 1, 1] x1', 'Normal', 'None', '3300', 'Buy: Lower Junon(Shop), Find: Shinra Mansion(Treasure)'),
        ('Cait Sith', 'Black Megaphone', '31', '104', '10', 'x8', '[1, 1, 1, 1] x2', 'Double', 'None', '2800', 'Buy: Lower Junon(Shop), Find: Cave of the Gi(Treasure)'),
        ('Cait Sith', 'White Megaphone', '35', '102', '8', 'x6', '[1, 1, 1] x2', 'Double', 'None', '2300', 'Buy: Lower Junon(Shop), Find: Gongaga Village(Treasure)'),
        ('Cait Sith', 'Yellow Megaphone', '36', '100', '8', 'x3', '[2-Linked, 1] x1', 'Normal', 'None', '500', 'Initial Equipment, Buy: Lower Junon(Shop)'),
        ('Cait Sith', 'Green Megaphone', '41', '100', '9', 'x4', '[2-Linked, 2-Linked] x1', 'Normal', 'None', '2400', 'Buy: Cosmo Canyon(Shop)'),
        ('Cait Sith', 'Blue Megaphone', '48', '100', '10', 'x5', '[2-Linked, 2-Linked, 1] x1', 'Normal', 'None', '5500', 'Buy: Wutai(Shop)'),
        ('Cait Sith', 'Gold Megaphone', '58', '103', '28', 'x8', '[2-Linked, 2-Linked, 2-Linked, 2-Linked] x1', 'Normal', 'None', '15000', 'Buy: Costa del Sol(Shop)'),
        ('Cait Sith', 'Red Megaphone', '60', '100', '15', 'x6', '[2-Linked, 2-Linked, 1, 1] x1', 'Normal', 'None', '11000', 'Buy: Icicle Inn(Shop)'),
        ('Cait Sith', 'Trumpet Shell', '68', '118', '2', 'x0', 'None', 'None', 'Critical %+', '3000', 'Buy: Lower Junon(Shop), Find: Temple of the Ancients(Treasure)'),
        ('Cait Sith', 'Crystal Megaphone', '74', '100', '20', 'x6', '[2-Linked, 2-Linked, 2-Linked] x1', 'Normal', 'None', '18000', 'Buy: Mideel(Shop)'),
        ('Cait Sith', 'Starlight Megaphone', '88', '102', '31', 'x8', '[2-Linked, 2-Linked, 2-Linked, 2-Linked] x1', 'Normal', 'Vitality +30', '0', 'Find: Sector 8 Underground(Treasure)'),
        ('Cait Sith', 'Battle Trumpet', '95', '95', '0', 'x0', '[2-Linked, 2-Linked, 2-Linked] x0', 'None', 'None', '0', 'FInd: Underwater Reactor(Treasure)'),
        ('Cait Sith', 'HP Shout', '95', '110', '44', 'x0', '[2-Linked, 2-Linked, 2-Linked, 2-Linked] x0', 'None', 'Damage is calculated based on Cait Sith Health Point(HP) gauge is filled', '0', 'Find: Shinra HQ 64F(Treasure)'),
        ('Cid Highwind', 'Spear', '44', '97', '8', 'x4', '[2-Linked, 1, 1] x1', 'Normal', 'None', '1200', 'Initial Equipment, Buy: Lower Junon(Shop)'),
        ('Cid Highwind', 'Slash Lance', '56', '98', '10', 'x5', '[2-Linked, 2-Linked, 1, 1] x1', 'Normal', 'None', '6500', 'Buy: Wutai(Shop)'),
        ('Cid Highwind', 'Viper Halberd', '58', '102', '13', 'x8', '[1, 1, 1, 1] x2', 'Double', 'None', '7000', 'Buy: Upper Junon(Shop), Find: Forgotten City(Treasure)'),
        ('Cid Highwind', 'Trident', '60', '105', '12', 'x6', '[1, 1, 1, 1, 1, 1] x1', 'Normal', 'None', '7500', 'Buy: Lower Junon(Shop), Find: Temple of the Ancients(Treasure)'),
        ('Cid Highwind', 'Javelin', '62', '104', '12', 'x10', '[2-Linked, 2-Linked, 1] x2', 'Double', 'None', '7500', 'Find: Gaea Cliff(Treasure)'),
        ('Cid Highwind', 'Mast Ax', '64', '99', '15', 'x6', '[2-Linked, 2-Linked, 1, 1] x1', 'Normal', 'None', '13000', 'Buy: Icicle Inn(Shop)'),
        ('Cid Highwind', 'Dragoon Lance', '66', '100', '7', 'x8', '[1, 1, 1, 1, 1, 1, 1, 1] x1', 'Normal', 'None', '6200', 'Buy: Upper Junon(Shop), Find: Mt. Wutai(Treasure)'),
        ('Cid Highwind', 'Mop', '68', '118', '3', 'x0', 'None', 'None', 'Critical %+', '3200', 'Buy: Lower Junon(Shop), Find: Bone Village(Treasure)'),
        ('Cid Highwind', 'Partisan', '78', '100', '17', 'x6', '[2-Linked, 2-Linked, 2-Linked] x1', 'Normal', 'None', '19000', 'Buy: Mideel(Shop)'),
        ('Cid Highwind', 'Grow Lance', '78', '102', '31', 'x6', '[2-Linked, 2-Linked, 2-Linked] x1', 'Normal', 'None', '16000', 'Find: Shinra HQ 63F(Treasure)'),
        ('Cid Highwind', 'Scimitar', '86', '102', '20', 'x6', '[2-Linked] x3', 'Triple', 'None', '0', 'Find: Underwater Reactor(Treasure)'),
        ('Cid Highwind', 'Spirit Lance', '92', '112', '43', 'x4', '[2-Linked, 2-Linked] x1', 'Normal', 'Spirit +20', '0', 'Find: Sunken Gelnika(Treasure)'),
        ('Cid Highwind', 'Venus Gospel', '97', '103', '42', 'x0', '[2-Linked, 2-Linked, 2-Linked, 2-Linked] x0', 'None', 'Damage is calculated based on Cid Highwind Mana Point(MP) gauge is filled', '0', 'Find: Rocket Town(Prize)'),
        ('Cid Highwind', 'Flayer', '100', '100', '20', 'x6', '[1, 1, 1, 1, 1, 1] x1', 'Normal', 'None', '15000', 'Find: Gold Saucer'),
        ('Yuffie Kisaragi', '4-Point Shuriken', '23', '100', '6', 'x3', '[2-Linked, 1] x1', 'Normal', 'Ranged', '600', 'Initial Equipment'),
        ('Yuffie Kisaragi', 'Boomerang', '30', '101', '7', 'x4', '[2-Linked, 1, 1] x1', 'Normal', 'Ranged', '1400', 'Buy: Upper Junon(Shop), Lower Junon(Shop), Gongaga Village(Shop), Find: Junon - Formula(Steal)'),
        ('Yuffie Kisaragi', 'Wind Slash', '30', '103', '7', 'x6', '[1, 1, 1] x2', 'Double', 'Ranged', '2000', 'Buy: Upper Junon(Shop), Find: Cargo Ship(Treasure)'),
        ('Yuffie Kisaragi', 'Twin Viper', '36', '108', '8', 'x8', '[1, 1, 1, 1] x2', 'Double', 'Ranged', '3200', 'Buy: Upper Junon(Shop), Find: Shinra Mansion(Treasure)'),
        ('Yuffie Kisaragi', 'Pinwheel', '37', '104', '9', 'x4', '[2-Linked, 2-Linked] x1', 'Normal', 'Ranged', '600', 'Buy: Cosmo Canyon(Shop)'),
        ('Yuffie Kisaragi', 'Razor Wing', '49', '105', '12', 'x5', '[2-Linked, 2-Linked, 1] x1', 'Normal', 'Ranged', '6000', 'Buy: Wutai(Shop)'),
        ('Yuffie Kisaragi', 'Hawkeye', '61', '107', '14', 'x6', '[2-Linked, 2-Linked, 1, 1] x1', 'Normal', 'Ranged', '12000', 'Buy: Icicle Inn(Shop)'),
        ('Yuffie Kisaragi', 'Superball', '68', '120', '10', 'x0', 'None', 'None', 'Ranged', '3000', 'Buy: Lower Junon(Shop), Find: Fort Condor(Prize)'),
        ('Yuffie Kisaragi', 'Magic Shuriken', '68', '110', '0', 'x3', '[1, 1, 1] x1', 'Normal', 'Dexterity +10, Ranged', '6000', 'Find: Wutai(Treasure)'),
        ('Yuffie Kisaragi', 'Rising Sun', '68', '108', '16', 'x8', '[2-Linked, 2-Linked] x2', 'Double', 'Ranged', '0', 'Find: Diamond Weapon(Steal)'),
        ('Yuffie Kisaragi', 'Spiral Shuriken', '68', '110', '18', 'x8', '[2-Linked, 1, 1, 1, 1, 1, 1] x1', 'Normal', 'Ranged', '14000', 'Buy: Costa del Sol(Shop)'),
        ('Yuffie Kisaragi', 'Crystal Cross', '74', '110', '18', 'x6', '[2-Linked, 2-Linked, 2-Linked] x1', 'Normal', 'Ranged', '18000', 'Buy: Mideel(Shop)'),
        ('Yuffie Kisaragi', 'Oritsuru', '90', '116', '38', 'x8', '[2-Linked, 2-Linked, 1, 1, 1, 1] x1', 'Normal', 'Ranged', '0', 'Find: Wutai(Treasure)'),
        ('Yuffie Kisaragi', 'Conformer', '96', '112', '42', 'x0', '[2-Linked, 2-Linked, 2-Linked, 2-Linked] x0', 'None', 'Ranged, Max damage using Morph Materia & more damage when enemy level is higher', '0', 'Find: Suken Gelnika(Treasure)'),
        ('Vincent Valentine', 'Quicksilver', '38', '110', '10', 'x4', '[2-Linked, 1, 1] x1', 'Normal', 'Ranged', '1000', 'Initial Equipment, Buy: Lower Junon(Shop)'),
        ('Vincent Valentine', 'Peacemaker', '38', '118', '8', 'x6', '[2-Linked, 1] x2', 'Double', 'Ranged', '3500', 'Buy: Lower Junon(Shop), Find: Town of Kalm(Treasure)'),
        ('Vincent Valentine', 'Sniper CR', '42', '255', '7', 'x4', '[2-Linked, 2-Linked] x1', 'Normal', 'Ranged', '3300', 'Buy: Lower Junon(Shop), Find: Mt. Nibel(Treasure)'),
        ('Vincent Valentine', 'Shotgun', '48', '112', '12', 'x4', '[2-Linked, 2-Linked] x1', 'Normal', 'Ranged', '3100', 'Buy: Rocket Town(Shop)'),
        ('Vincent Valentine', 'Buntline', '48', '124', '18', 'x8', '[2-Linked, 2-Linked] x2', 'Double', 'Ranged', '6800', 'Buy: Upper Junon(Shop), Find: Bone Village(Treasure)'),
        ('Vincent Valentine', 'Shortbarrel', '51', '118', '14', 'x5', '[2-Linked, 2-Linked, 1] x1', 'Normal', 'Ranged', '6400', 'Buy: Wutai(Shop)'),
        ('Vincent Valentine', 'Silver Rifle', '62', '120', '0', 'x0', 'None', 'None', 'Ranged, Critical %+', '3000', 'Buy: Upper Junon(Shop), Find: Temple of the Ancients(Treasure)'),
        ('Vincent Valentine', 'Lariat', '64', '120', '16', 'x6', '[2-Linked, 2-Linked, 1, 1] x1', 'Normal', 'Ranged', '12000', 'Buy: Icicle Inn(Shop)'),
        ('Vincent Valentine', 'Long Barrel R', '66', '255', '14', 'x8', '[2-Linked, 2-Linked, 2-Linked, 2-Linked] x1', 'Normal', 'Ranged', '13000', 'Buy: Costa del Sol(Shop)'),
        ('Vincent Valentine', 'Winchester', '73', '120', '18', 'x6', '[2-Linked, 2-Linked, 2-Linked] x1', 'Normal', 'Ranged', '18000', 'Buy: Mideel(Shop)'),
        ('Vincent Valentine', 'Outsider', '80', '120', '52', 'x8', '[2-Linked, 2-Linked, 1, 1, 1, 1] x1', 'Normal', 'Ranged', '0', 'Find: Sunken Gelnika(Treasure)'),
        ('Vincent Valentine', 'Supershot ST', '97', '120', '52', 'x0', '[2-Linked, 2-Linked, 2-Linked] x0', 'None', 'Ranged', '0', 'Find: Ancient Forest(Treasure)'),
        ('Vincent Valentine', 'Death Penalty', '99', '115', '34', 'x0', '[2-Linked, 2-Linked, 2-Linked, 2-Linked] x0', 'None', 'Ranged, Deals more damage when Vincent Valentine kills more enemies', '0', 'Find: Lucrecia Cave(Treasure)')

        GO

INSERT INTO World_Map_Locations (Midgar_Area, Glasslands_Area, Junon_Area, [Corea_&_Saucer_Area], [Gongaga_&_Cosmo_Area], [Nibel_&_Rocket_Launch_Area], Wutai_Area, Woodlands_Area, Icicle_Area, Mideel_Area, Other_Area)
    VALUES('No.1 Reactor', 'Chocobo Farm', 'Fort Condor', 'Costa del Sol', 'Gongaga Village', 'Nibelheim', 'Wutai', 'Temple of the Ancients', 'Bone Village', 'Mideel', 'Highwind'),
        ('Midgar: Last Train', 'Mythril Mine', 'Junon Airport', 'North Corel', 'Meltdown Reactor', 'Shinra Mansion: Basement', 'Wutai Pagoda', 'Black Materia', 'Corel Valley', 'Lifestream', 'Sunken Gelnika'),
        ('Sector 7: Slums', 'Marshes', 'Upper Junon', 'Corel Materia Cave', 'Cosmo Canyon', 'Nibel Reactor', 'Wutai Materia Cave', '', 'Corral Valley', 'Mideel: Destruction', 'Round Island Materia Cave'),
        ('Winding Tunnel', '', 'Junon Branch', 'Corel Prison', 'Weapon Seller', 'Rocket Launching Pad', 'Wutai Main Mountain', '', 'Corel Valley Cave', 'Mideel Materia Cave', ''),
        ('No. 5 Reactor', '', 'Cargo Ship', 'Wonder Square', 'Cave of the Gi', 'Lucrecia Cave', 'Da-chao Statue', '', 'Corral Valley Cave', '', ''),
        ('Sector 5: Slums', '', 'Submarine Dock', 'Ghost Hotel', '', 'Shinra Mansion', '', '', 'Icicle Inn', '', ''),
        ('Sector 6', '', 'Underwater Reactor', 'Mt. Corel', '', 'Mt. Nibel', '', '', 'Great Glacier: A to F', '', ''),
        ('Honey Bee Inn', '', 'Old Man House', 'Coal Train', '', 'Rocket Town', '', '', 'Holzoff Cabin', '', ''),
        ('Sector 6: Sewer', '', 'Under Junon', 'Gold Saucer', '', 'Inside of Rocket, After Launch', '', '', 'Crater', '', ''),
        ('Sector 7: Plate Support', '', 'Junon Path', 'Chocobo Square', '', '', '', '', 'Chocobo Sage House', '', ''),
        ('Shinra HQ: Entrance-59F', '', 'Lower Junon', 'Speed Square', '', '', '', '', 'Northern Cave: Last Half', '', ''),
        ('Shinra HQ: 60f-62f', '', 'Junon Branch Canon', 'Round Square', '', '', '', '', 'Sleeping Forest', '', ''),
        ('Shinra HQ: 66f', '', 'Underwater Reactor Path', '', '', '', '', '', 'Forgotten City', '', ''),
        ('Shinra HQ: 69f-Roof', '', 'Inside Submarine', '', '', '', '', '', 'Water Alter', '', ''),
        ('Sector 8: Winding Tunnel', '', '', '', '', '', '', '', 'Great Glacier: Simple Map', '', ''),
        ('Town of Kalm', '', '', '', '', '', '', '', 'Great Glacier: G to N', '', ''),
        ('Sector 8', '', '', '', '', '', '', '', 'Gaea Cliff', '', ''),
        ('Sector 7: Station', '', '', '', '', '', '', '', 'Whirlwind Maze', '', ''),
        ('Sector 5: Train', '', '', '', '', '', '', '', 'Northern Cave: First Half', '', ''),
        ('Sector 4: Plate Interior', '', '', '', '', '', '', '', 'Inside the Planet', '', ''),
        ('Sector 5: Church', '', '', '', '', '', '', '', '', '', ''),
        ('Aeris Hours', '', '', '', '', '', '', '', '', '', ''),
        ('Wall Market', '', '', '', '', '', '', '', '', '', ''),
        ('Corneo Hall', '', '', '', '', '', '', '', '', '', ''),
        ('Train Graveyard', '', '', '', '', '', '', '', '', '', ''),
        ('Sector 7: Plate Section', '', '', '', '', '', '', '', '', '', ''),
        ('Shinra HQ: Stairs', '', '', '', '', '', '', '', '', '', ''),
        ('Shinra HQ: 63f-65f', '', '', '', '', '', '', '', '', '', ''),
        ('Shinra HQ: 67f-68f', '', '', '', '', '', '', '', '', '', ''),
        ('Sector 8: Underground', '', '', '', '', '', '', '', '', '', ''),
        ('Mako Cannon', '', '', '', '', '', '', '', '', '', '')

        GO

INSERT INTO Armor (Name, Defense, Defense_Rate, Magic_Defense, Magic_Defense_Rate, Ability_Points, Materia_Slots, Materia_Growth, Special, Price, [Location])
    VALUES('Bronze Bangle', '8', '0', '0', '0', 'x0', 'None', 'None', 'None', '100', 'Initial Equipment'),
        ('Iron Bangle', '10', '0', '2', '0', 'x1', '[1] x1', 'Normal', 'None', '160', 'Buy: Sector 7 Slums(Shop)'),
        ('Titan Bangle', '14', '2', '4', '0', 'x2', '[1, 1] x1', 'Normal', 'None', '280', 'Buy: Wall Market(Shop), Sector 5 Slums(Shop), Find: Sector 5 Reactor - Air Buster(Steal)'),
        ('Mythril Armlet', '18', '3', '8', '0', 'x2', '[2-Linked] x1', 'Normal', 'None', '350', 'Buy: Town of Kalm(Shop), Wall Market(Shop), Find: Shinra HQ - Heli Gunner(Drop)'),
        ('Carbon Bangle', '27', '3', '14', '0', 'x3', '[2-Linked, 1]', 'Normal', 'None', '800', 'Buy: Costa del Sol(Shop), North Corel(Shop), Find: Shinra HQ - Moth Slasher(Steal)'),
        ('Four Slots', '12', '0', '10', '0', 'x4', '[1, 1, 1, 1] x1', 'Normal', 'None', '1300', 'Buy: Costa del Sol(Shop), Find: Shinra HQ(Treasure)'),
        ('Silver Armlet', '34', '4', '22', '0', 'x4', '[2-Linked, 1, 1] x1', 'Normal', 'None', '1300', 'Buy: Cosmo Canyon(Shop), Find: Corel Prison - Dyne(Drop)'),
        ('Platinum Bangle', '20', '0', '12', '0', 'x4', '[1, 1] x2', 'Double', 'None', '1800', 'Buy: Lower Junon(Shop), Costa del Sol(Shop), Find: Corel Prison - Death Claws(Drop)'),
        ('Gold Armlet', '46', '4', '28', '0', 'x4', '[2-Linked, 2-Linked] x1', 'Normal', 'None', '2000', 'Buy: Rocket Town(Shop), Weapon Seller(Shop), Find: Mt. Nibel - Dragon(Drop)'),
        ('Edincoat', '50', '0', '33', '0', 'x7', '[1, 1, 1, 1, 1, 1, 1] x1', 'Normal', 'Magic +5', '8000', 'Buy: Rocket Town(Shop), Find: Rocket Town - Palmer(Drop)'),
        ('Gigas Armlet', '59', '0', '0', '0', 'x0', '[2-Linked, 2-Linked, 1] x0', 'None', 'Strength +30', '800', 'Find: Whirlwind Maze - Gigas(Steal), Temple of the Ancients - Demon Gate(Drop)'),
        ('Diamond Bangle', '57', '6', '37', '0', 'x5', '[2-Linked, 2-Linked, 1] x1', 'Normal', 'None', '3200', 'Buy: Bone Village(Shop)'),
        ('Rune Armlet', '43', '5', '24', '0', 'x8', '[1, 1, 1, 1] x2', 'Double', 'None', '3700', 'Buy: Bone Village(Shop)'),
        ('Dragon Armlet', '58', '3', '47', '2', 'x6', '[2-Linked, 2-Linked, 2-Linked] x1', 'Normal', 'Halves Fire, Ice, & Lightning Damage', '3800', 'Find: Northern Cave - Dark Dragon(Steal), Temple of the Ancients - Red Dragon(Drop), Gaea Cliff - Blue Dragon(Drop)'),
        ('Adaman Bangle', '93', '0', '23', '0', 'x2', '[2-Linked] x1', 'Normal', 'None', '600', 'Find: Wutai - Adamantaimai(Steal)'),
        ('Wizard Bracelet', '6', '3', '85', '3', 'x8', '[2-Linked, 2-Linked, 2-Linked, 2-Linked] x1', 'Normal', 'Magic +20', '12000', 'Buy: Mideel(Shop), Find: Forgotten City - Jenova LIFE(Drop), Ancient Forest - Epiolnis(Steal)'),
        ('Crystal Bangle', '70', '8', '45', '1', 'x6', '[2-Linked, 2-Linked, 2-Linked] x1', 'Normal', 'None', '4800', 'Buy: Mideel(Shop), Find: Gold Saucer(Prize)'),
        ('Warrior Bangle', '96', '0', '21', '0', 'x0', '[2-Linked, 2-Linked] x0', 'None', 'Strength +20', '1000', 'Find: North Corel - Eagel Gun(Steal)'),
        ('Imperial Guard', '82', '0', '74', '0', 'x6', '[2-Linked, 2-Linked, 2-Linked] x1', 'Noraml', 'None', 'N/A', 'Find: Northern Cave(Treasure), Fort Condor - CMD Grand Horn(Drop)'),
        ('Precious Watch', '0', '0', '0', '0', 'x8', '[1, 1, 1, 1, 1, 1, 1, 1] x1', 'Normal', 'None', 'N/A', 'Find: Gold Saucer(Prize)'),
        ('Minerva Band', '60', '8', '57', '0', 'x6', '[2-Linked, 2-Linked, 2-Linked] x1', 'Normal', 'Nullifies Fire, Ice, Hold, & Gravity damage(Women Only)', 'N/A', 'Find: Ancient Forest(Treasure), Sector 5: Train - Turks[Elena](Steal)'),
        ('Chocobracelet', '35', '10', '38', '10', 'x4', '[1, 1, 1, 1] x1', 'Normal', 'Speed-Plus +30, Dexterity +30, Luck +20', 'N/A', 'Find: Gold Saucer(Prize)'),
        ('Shinra Beta', '30', '0', '0', '0', 'x4', '[2-Linked, 1, 1] x1', 'Normal', 'None', '950', 'Find: Underwater Reactor - Submarine Crew(Drop), Cargo Ship - Marines(Steal)'),
        ('Shinra Alpha', '77', '0', '34', '0', 'x6', '[2-Linked, 2-Linked, 2-Linked] x1', 'Normal', 'None', '1500', 'Find: Underwater Reactor - Underwater Caption(Steal) & Solder 1st(Drop)'),
        ('Escort Guard', '62', '5', '55', '0', 'x6', '[2-Linked, 2-Linked, 2-Linked] x1', 'Normal', 'Nullifies Lightning, Earth, Water, & Poison damage(Male Only)', 'N/A', 'Find: Sunken Gelnika(Treasure), Northern Cave - Iron Man(Morph)'),
        ('Fire Armlet', '72', '8', '52', '3', 'x4', '[2-Linked, 2-Linked] x1', 'Normal', 'Absorb Fire Damage', '4800', 'Find: Gaea Cliff(Treasure), Sunken Gelnika - Unknown(Steal)'),
        ('Bolt Armlet', '74', '8', '55', '3', 'x4', '[2-Linked, 2-Linked] x1', 'Normal', 'Absorb Lightning Damage', '4800', 'Find: Corel Valley(Treasure), Sunken Gelnika - Unknown 3(Steal)'),
        ('Aurora Armlet', '76', '8', '54', '3', 'x4', '[2-Linked, 2-Linked] x1', 'Normal', 'Absorb Ice Damage', '4800', 'Find: Forgotten City(Treasure), Sunken Gelnika - Unknown 2(Steal)'),
        ('Ziedrich', '100', '15', '98', '18', 'x0', 'None', 'None', 'Halves "all elemental" damage, Strength +20, Magic +20', 'N/A', 'Find: Sunken Gelnika - Turks[Rude](Steal), Rocket Town - Turks[Rude](Steal), Midgar - Turks[Rude](Steal)'),
        ('Four Bracelet', '74', '3', '100', '3', 'x5', '[2-Linked, 2-Linked, 1] x1', 'Normal', 'Magic +20', 'N/A', 'Find: Rocket Town(Treasure)'),
        ('Aegis Armlet', '55', '15', '86', '50', 'x4', '[2-Linked, 2-Linked] x1', 'Normal', 'None', 'N/A', 'Find: Sector 8 Underground(Treausre)'),
        ('Mystile', '65', '50', '72', '60', 'x6', '[2-Linked, 2-Linked, 2-Linked] x1', 'Normal', 'None', 'N/A', 'Find: Mako Cannon(Treasure), Northern Cave(Treasure)')

        GO

INSERT INTO Accessory (Name, [Tier Level], Buying_Price, Selling_Price, [Description], [Location])
    VALUES ('Protect Vest', 'C', '3500', '1750', 'Vitality +10', 'Buy: Rocket Town(Shop), Find: Gold Saucer(Prize)'),
        ('Tailsman', 'C', '4000', '2000', 'Spirit +10', 'Buy: Gongaga(Shop), Rocket Town(Shop), Find: Shinra HQ: 68F - H0512(Drop)'),
        ('Power Wrist', 'C', '7500', '3750', 'Strength +10', 'Buy: Rocket Town(Shop), Find: Junon - Bottomswell(Drop)'),
        ('Earring', 'C', '7500', '3750', 'Magic +10', 'Buy: Rocket Town(Shop)'),
        ('Choco Feather', 'C', '10000', '5000', 'Dexterity +10', 'Buy: Wutai(Shop), Find: Gold Saucer(Prize)'),
        ('Amulet', 'C', '10000', '5000', 'Luck +10', 'Buy: Mideel(Shop)'),
        ('Champion Belt', 'B', 'N/A', '1', 'Strength +30, Vitality +30', 'Find: Gold Saucer(Prize)'),
        ('Circlet', 'B', 'N/A', '1', 'Magic +30, Spirit +30', 'Find: Mideel - Ultimate Weapon(Steal), Great Glacier - Snow(Steal), Gold Saucer - Hochu(Steal)'),
        ('Tough Ring', 'A', 'N/A', '1', 'Vitality +50, Spirit +50', 'Find: Midgar:Train & Sunken Gelnika - Turks[Reno](Steal)'),
        ('Curse Ring', 'D', 'N/A', '1', 'Strength +35, Magic +35, Dexterity +15, Vitality +15, Spirit +15, Luck +10, Status: Death', 'Find: Mideel(Treasure) & Ultimate Weapon(Steal)'),
        ('Sprint Shoes', 'B', 'N/A', '250', 'Status: Haste(Auto)','Find: Gold Saucer(Prize)'),
        ('Fury Ring', 'D', '5000', '2500', 'Status: Berserk(Auto)', 'Buy: Gongaga(Shop), Find: Gold Saucer(Prize)'),
        ('Protect Ring', 'B', 'N/A', '4500', 'Status: Barrer(Auto) & Magic Barrer(Auto)', 'Find: Northern Cave - Mover(Morph), Gaea Cliff - Schizo(Steal)'),
        ('Reflect Ring', 'B', 'N/A', '6000', 'Status: Reflect(Auto)', 'Find: Whirlwind Maze - Jenova-Death(Drop)'),
        ('Sneak Glove', 'S', '129000', '1', 'Increase Rate: Steal', 'Buy: Wall Market(Shop)'),
        ('Hypnocrown', 'S', 'N/A', '1', 'Increase Rate: Manipulate', 'Find: Corel Valley Cave(Treasure)'),
        ('Silver Glasses', 'C', '3000', '1500', 'Status: Prevent Darkness', 'Buy: Junon(Shop), Gongaga(Shop), Find: Junon(Prize)'),
        ('Headband', 'C', '3000', '1500', 'Status: Prevent Sleep', 'Buy: Junon(Shop), Gongaga(Shop)'),
        ('Star Pendant', 'C', '4000', '2000', 'Status: Prevent Poison', 'Buy: Gongaga(Shop), Find: Shinra HQ: 63F(Prize), Mt. Corel(Treasure), Midgar Highway - Motor Ball(Drop)'),
        ('White Cape', 'B', '5000', '2500', 'Status: Prevent Toad & Small', 'Buy: Gongaga(Shop), Mideel(Shop), Find: Cargo Ship - Jenova-BIRTH'),
        ('Fairy Ring', 'B', '7000', '3500', 'Status: Prevent Poison & Darkness', 'Buy: Mideel(Shop), Find: Cave of the Gi(Treasure)'),
        ('Jem Ring', 'B', '7500', '3750', 'Status: Prevent Paralyze, Petrify, & Slow-Numb', 'Buy: Mideel(Shop), Find: Mt. Nibel - Materia Keeper(Drop)'),
        ('Peace Ring', 'B', '7500', '3750', 'Status: Prevent Confuse, Berserk, Fury, & Sadness', 'Buy: Rocket Town(Shop), Find: Fort Condor(Prize), Wutai - Rapps(Drop)'),
        ('Safety Bit', 'B', '7500', '3750', 'Status: Prevent Death, Slow-Numb, & Petrify', 'Buy: Rocket Town(Shop), Find: Great Glacier(Treasure), Gold Saucer(Prize)'),
        ('Ribbon', 'S', 'N/A', '1', 'Status: Prevent all status ailments', 'Find: Temple of the Ancients(Treasure), Gaea Cliff(Treasure), Gold Saucer(Prize), Northern Cave - Master Tonberry(Morph)'),
        ('Fire Ring', 'C', '8000', '4000', 'Nullifies Fire Damage', 'Buy: Mideel(Shop), Find: Costa del Sol(Treasure)'),
        ('Ice Ring', 'C', '8000', '4000', 'Nullifies Ice Damage', 'Buy: Mideel(Shop), Find: Wutai - Chekhov(Drop)'),
        ('Bolt Ring', 'C', '8000', '4000', 'Nullifies Lightning Damage', 'Buy: Mideel(Shop), Find: Junon Cave(Prize)'),
        ('Water Ring', 'B', 'N/A', '1', 'Absorbs Water Damage', 'Find: Corel Valley(Treasure), Sunken Gelnika - Serpents(Steal)'),
        ('Poison Ring', 'B', 'N/A', '10000', 'Absorbs Poison Damage', 'Find: Whirlwind Maze(Treasure)'),
        ('Tetra Elemental', 'A', 'N/A', '1', 'Absorbs Fire, Ice, Lightning, & Earth Damage', 'Find: Northern Cave(Treasure), North Corel - Cactuer(Morph)'),
        ('Cats Bell', 'B', 'N/A', '1', 'Restore HP(Walking)', 'Find: Gold Saucer(Prize)')

        GO

INSERT INTO Items (Name, [Type], Price, [Target], [Description], [Location])
    VALUES ('Potion', 'Healing', '50', 'One ally', 'Restore: 100 Health Points(HP), 100 Damage to Undead enemy', 'Buy: Item Shop'),
        ('Hi-Potion', 'Healing', '300', 'One ally', 'Restore: 500 Health Points(HP), 500 Damage to Undead enemy', 'Buy: Item Shop'),
        ('X-Potion', 'Healing', 'N/A', 'One ally', 'Restore: All Health Points(HP), Instantly kill Undead enemy', 'Buy: Item Shop'),
        ('Phoenix Down', 'Healing', '300', 'One ally', 'Revive: Dead Ally(Minimum HP), Instantly kill Undead enemy', 'Buy: Item Shop'),
        ('Ether', 'Healing', '1500', 'One ally', 'Restore: 100 Mana Points(MP)', 'Buy: Item Shop'),
        ('Turbo Ether', 'Healing', 'N/A', 'One ally', 'Restore: All Mana Points(MP)', 'Buy: Item Shop'),
        ('Elixir', 'Healing', 'N/A', 'One ally', 'Restore: All Health Points(HP) & Mana Points(MP)', 'Rare Item: Not in Item Shop'),
        ('Megalixir', 'Healing', 'N/A', 'All allies','Restore: All Health Points(HP) & Mana Points(MP)', 'Rare Item: Not in the Item Shop'),
        ('Remedy', 'Healing', '1000', 'One ally', 'Cure: All Status Ailments', 'Buy: Item Shop'),
        ('Tent', 'Healing', '500', 'All allies', 'Save Point - Restore: All Health Points(HP) & Mana Points(MP)', 'Buy: Item Shop'),
        ('Antidote', 'Healing', '80', 'One ally', 'Cure: Poison Status', 'Buy: Item Shop'),
        ('Soft', 'Healing', '150', 'One ally', 'Cure: Petrify Status', 'Buy: Item Shop'),
        ('Maiden Kiss', 'Healing', '150', 'One ally', 'Cure: Toad Status', 'Buy: Item Shop'),
        ('Comucopia', 'Healing', '150','One ally', 'Cure: Mini Status', 'Buy: Item Shop'),
        ('Echo Screen', 'Healing', '100', 'One ally', 'Cure: Silence Status', 'Buy: Item Shop'),
        ('Eye Drop', 'Healing', '50', 'One ally', 'Cure: Darkness Status', 'Buy: Item Shop'),
        ('Hyper', 'Healing', '100', 'One ally', 'Cure: Sadness Status, Cause: Fury Status(Normal Condition)', 'Buy: Item Shop'),
        ('Tranquilizer', 'Healing', '100', 'One ally', 'Cure: Fury Status, Cause: Sadness Status(Normal Condition)', 'Buy: Item Shop'),
        ('Molotov', 'Attack', 'N/A', 'One', 'Inflicts Fire Damage(About 400)', 'N/A'),
        ('Fire Fang', 'Attack', 'N/A', 'All', 'Inflicts Fire Damage(About 900)', 'N/A'),
        ('Fire Veil', 'Attack',' N/A', 'All', 'Inflicts Fire Damage(About 1200)', 'N/A'),
        ('Antarctic Wind', 'Attack', 'N/A', 'All', 'Inflicts Ice Damage(About 1200)', 'N/A'),
        ('Ice Crystal', 'Attack', 'N/A', 'All', 'Inflicts Ice Damage(About 2000)', 'N/A'),
        ('Bolt Plume', 'Attack', 'N/A', 'All', 'Inflicts Lightning Damage(About 400)', 'N/A'),
        ('Swift Bolt', 'Attack', 'N/A', 'All', 'Inflicts Lightning Damage(About 1200)', 'N/A'),
        ('Dragon Fang', 'Attack', 'N/A', 'All', 'Inflicts Lightning Damage(About 2000)', 'N/A'),
        ('Earth Drum', 'Attack', 'N/A', 'All', 'Inflicts Earth Damage(About 600)', 'N/A'),
        ('Earth Mallet', 'Attack', 'N/A', 'All', 'Inflicts Earth Damage(About 2500)', 'N/A'),
        ('Bird Wing', 'Attack', 'N/A', 'All', 'Inflicts Wind Damage(About 1000)', 'N/A'),
        ('Dragon Scale', 'Attack', 'N/A', 'All', 'Inflicts Water Damage(About 3500)', 'N/A'),
        ('Graviball', 'Attack', 'N/A', 'One', 'Inflicts 1/4 Health Point(HP) Damage', 'N/A'),
        ('T/S Bomb', 'Attack', 'N/A', 'One', 'Inflicts 1/2 Health Point(HP) Damage', 'N/A'),
        ('Grenade', 'Attack', 'N/A', 'One', 'Inflicts Physical Damage(About 160)', 'N/A'),
        ('S-Mine', 'Attack', 'N/A', 'One', 'Inflicts Physical Damage(About 1600)', 'N/A'),
        ('8-Inch Cannon', 'Attack', 'N/A', 'One', 'Inflicts Physical Damage(About 3200)', 'N/A'),
        ('Shrapnel', 'Attack', 'N/A', 'All', 'Inflicts Physical Damage(About 400)', 'N/A'),
        ('Right Arm', 'Attack', 'N/A', 'All', 'Inflicts Physical Damage(About 1600)', 'N/A'),
        ('Stardust', 'Attack', 'N/A', 'All', 'Inflicts Non-Elemental Magic Damage(About 1100) on random enemies', 'N/A'),
        ('Vampie Fang', 'Attack', 'N/A', 'One', 'Absorb Health Point(HP)', 'N/A'),
        ('Ghost Hand', 'Attack', 'N/A', 'One', 'Absorb Mana Point(MP)', 'N/A'),
        ('Deadly Waste', 'Attack', 'N/A', 'All', 'Inflicts Poison Status & Damage(About 100) upon all enemies', 'N/A'),
        ('M-Tentacles', 'Attack', 'N/A', 'All', 'Inflicts Poison Status & Damage(About 2400) upon all enemies', 'N/A'),
        ('Kiss of Death', 'Attack', 'N/A', 'All', 'Inflicts Death', 'N/A'),
        ('Hourglass', 'Support',' N/A', 'All', 'Inflicts Stop Status(80% Chance)', 'Find: Wutai - Edgehead(Win), Gongaga - Kimara Bug(Morph)'),
        ('Spider Web', 'Support', 'N/A', 'All', 'Inflicts Slow Status(100% Chance)', 'Find: Winding Tunnel - Grashtrike(Win & Morph), Gongaga - Kimara Bug(Steal)'),
        ('Dream Powder', 'Support', 'N/A', 'All', 'Inflicts Sleep Status(80% Chance)', 'Find: Cosmo Area, Nibel Area, Rocket Launch Pad Area - Crown Lance(Morph), Mideel Area - Crysales(Morph)'),
        ('Mute Mask', 'Support', 'N/A', 'All', 'Inflicts Silence Status(80% Chance)', 'Find: Nibel Area - Bahba Velamyu(Win & Morph), Wutai Da-Chao Statue - Garuda(Win), Sector 8: Underground - Crazysaw(Steal), Shinra Mansion - Dorky Face(Morph)'),
        ('War Gong', 'Support', 'N/A', 'All', 'Inflicts Berserk Status on allies & enemies', 'N/A'),
        ('Loco Weed', 'Support', 'N/A', 'All', 'Inflicts Confuse Status(80% Chance)', 'Find: Underwater Reactor - Corvette(Win), Shinra HQ: 63F, 65F, 67F-68F - Hammer Blaster(Win), Wutai Area & Wutai Da-Chao Status - Razor Weed(Win), Shinra HQ: 67F-68F - Solder:3rd(Win), Shinra HQ: 65F - Sword Dance(Win)'),
        ('Speed Drink)', 'Support', 'N/A', 'One', 'Cast: Haste Status', 'N/A'),
        ('Vaccine', 'Support', 'N/A', 'One', 'Cast: Resist Status', 'N/A'),
        ('Light Curtain', 'Support', 'N/A', 'All', 'Cast: Barrier Status', 'N/A'),
        ('Lunar Curtain', 'Support', 'N/A', 'All', 'Cast: Magic Barrier Status', 'N/A'),
        ('Mirror', 'Support','N/A', 'All', 'Cast: Reflect Status', 'N/A'),
        ('Holy Torch', 'Support', 'N/A', 'All', 'Removes all Status effects', 'N/A'),
        ('Cauldron', 'Support', 'N/A', 'One', 'Inflicts Poison, Sleep, Mini, Toad, Confuse, & Silence Status', 'N/A'),
        ('Vagyrisk Claw', 'Support', 'N/A', 'One', 'Inflicts Petrify Status', 'N/A'),
        ('Impaler', 'Support', '500', 'One', 'Inflicts Toad Status', 'N/A'),
        ('Shrivel', 'Support', '500', 'One', 'Inflicts Mini Status', 'N/A'),
        ('Ink', 'Support', 'N/A', 'One', 'Inflicts Darkness Status', 'Find: Sunken Gelnika - Bad Rap(Steal)'),
        ('Dazers', 'Support', 'N/A', 'One', 'Inflicts Paralyze Status', 'Find: Sunken Gelnika - Bad Rap(Win), Nibel Area - Battery Cap(Win & Steal), Coral Valley - Boundfat(Win, Morph, & Steal)'),
        ('Hero Drink', 'Support', 'N/A', 'One', 'Raises All Attributes', 'N/A'),
        ('Smoke Bomb', 'Support', '1000', 'All', 'Escape Battle', 'N/A')

        GO

INSERT INTO Magic_Materia (Name, [Type], Growth, Ability_Points, Spell, Mana_Points_Cost, [Attack_%], [Power], Element, Reflect, Strength, Vitality, Magic, Magic_Defense, Max_Health_Points, Max_Mana_Points, Price, Max_Price, [Location])
    VALUES ('Restore', 'Healing', '1-Star', '0', 'Cure', '5', '255', '110 + Base', 'Restore', 'Yes', '-01', '-00', '+01', '+00', '-02%', '+02%', '750', '210000', 'Find: No.1 Reactor, Buy: Wall Market, Costa del Sol, Sector 7: Slums, Fort Condor, Mideel, Junon'),
        ('Restore', 'Healing', '2-Star', '2500', 'Cure II', '24', '255', '770 + Base', 'Restore', 'Yes', '-01', '-00', '+01', '+00', '-02%', '+02%', '750', '210000', 'Find: No.1 Reactor, Buy: Wall Market, Costa del Sol, Sector 7: Slums, Fort Condor, Mideel, Junon'),
        ('Restore', 'Healing', '3-Star', '17000', 'Regen', '30', '255', '100%', 'N/A', 'Yes', '-01', '-00', '+01', '+00', '-02%', '+02%', '750', '210000', 'Find: No.1 Reactor, Buy: Wall Market, Costa del Sol, Sector 7: Slums, Fort Condor, Mideel, Junon'),
        ('Restore', 'Healing', '4-Star', '25000', 'Cure III', '64', '255', '2860 + Base', 'Restore', 'Yes', '-01', '-00', '+01', '+00', '-02%', '+02%', '750', '210000', 'Find: No.1 Reactor, Buy: Wall Market, Costa del Sol, Sector 7: Slums, Fort Condor, Mideel, Junon'),
        ('Restore', 'Healing', '5-Star', '40000', 'N/A', 'N/A', 'N/A', 'N/A', 'N/A', 'N/A', '-01', '-00', '+01', '+00', '-02%', '+02%', '750', '210000', 'Find: No.1 Reactor, Buy: Wall Market, Costa del Sol, Sector 7: Slums, Fort Condor, Mideel, Junon'),
        ('Revive', 'Healing', '1-Star', '0', 'Life', '18', '100', '60%', 'N/A', 'Yes', '-02', '-01', '+02', '+01', '-05%', '+05%', '3000', '105000', 'Buy: Junon, Costa del Sol'),
        ('Revive', 'Healing', '2-Star', '45000', 'Life II', '28', '100', '80%(Enemies), 100%(Allies)', 'N/A', 'Yes', '-02', '-01', '+02', '+01', '-05%', '+05%', '3000', '105000', 'Buy: Junon, Costa del Sol'),
        ('Revive', 'Healing', '3-Star', '55000', 'N/A', 'N/A', 'N/A', 'N/A', 'N/A', 'N/A', '-02', '-01', '+02', '+01', '-05%', '+05%', '3000', '105000', 'Buy: Junon, Costa del Sol'),
        ('Heal', 'Healing', '1-Star', '0', 'Poisona', '3', '225', '100%', 'N/A', 'Yes', '-01', '-00', '+01', '+00', '-02%', '+02%', '1000', '105000', 'Buy: Kalm, Junon, Cost del Sol, Gongaga'),
        ('Heal', 'Healing', '2-Star', '12000', 'Esuna', '15', '225', '100%', 'N/A', 'Yes', '-01', '-00', '+01', '+00', '-02%', '+02%', '1000', '105000', 'Buy: Kalm, Junon, Cost del Sol, Gongaga'),
        ('Heal', 'Healing', '3-Star', '52000', 'Resist', '120', '225', '100%', 'N/A', 'Yes', '-01', '-00', '+01', '+00', '-02%', '+02%', '1000', '105000', 'Buy: Kalm, Junon, Cost del Sol, Gongaga'),
        ('Heal', 'Healing', '4-Star', '60000', 'N/A', 'N/A', 'N/A', 'N/A', 'N/A', 'N/A', '-01', '-00', '+01', '+00', '-02%', '+02%', '1000', '105000', 'Buy: Kalm, Junon, Cost del Sol, Gongaga'),
        ('Fullcure', 'Healing', '1-Star', '0', 'N/A', 'N/A', 'N/A', 'N/A', 'N/A', 'N/A', '-04', '-02', '+04', '+02', '-10%', '+10%', 'N/A', '1', 'Find: Cosmo Canyon'),
        ('Fullcure', 'Healing', '2-Star', '3000', 'Fullcure', '99', '255', 'Target Max Health Point(HP)', 'Restore', 'No', '-04', '-02', '+04', '+02', '-10%', '+10%', 'N/A', '1', 'Find: Cosmo Canyon'),
        ('Fullcure', 'Healing', '3-Star', '100000', 'N/A', 'N/A', 'N/A', 'N/A', 'N/A', 'N/A', '-04', '-02', '+04', '+02', '-10%', '+10%', 'N/A', '1', 'Find: Cosmo Canyon'),
        ('Exit', 'Support', '1-Star', '0', 'Escape', '16', '110', 'N/A', 'N/A', 'No', '-01', '-00', '+01', '+00', '-02%', '+02%', '10000', '700000', 'Buy: Mideel, Rocket Town'),
        ('Exit', 'Support', '2-Star', '10000', 'Remove', '99', '110', '100%', 'N/A', 'No', '-01', '-00', '+01', '+00', '-02%', '+02%', '10000', '700000', 'Buy: Mideel, Rocket Town'),
        ('Exit', 'Support', '3-Star', '30000', 'N/A', 'N/A', 'N/A', 'N/A', 'N/A', 'N/A', '-01', '-00', '+01', '+00', '-02%', '+02%', '10000', '700000', 'Buy: Mideel, Rocket Town'),
        ('Time', 'Support', '1-Star', '0', 'Haste', '18', 'Auto', '100%', 'N/A', 'Yes', '-02', '-01', '+02', '+01', '-05%', '+05%', '6000', '420000', 'Buy: Gongaga, Rocket Town'),
        ('Time', 'Support', '2-Star', '8000', 'Slow', '20', 'Auto', '100%', 'N/A', 'Yes', '-02', '-01', '+02', '+01', '-05%', '+05%', '6000', '420000', 'Buy: Gongaga, Rocket Town'),
        ('Time', 'Support', '3-Star', '20000', 'Stop', '34', 'Auto', '100%',' N/A', 'Yes', '-02', '-01', '+02', '+01', '-05%', '+05%', '6000', '420000', 'Buy: Gongaga, Rocket Town'),
        ('Time', 'Support', '4-Star', '42000', 'N/A', 'N/A', 'N/A', 'N/A', 'N/A', 'N/A', '-02', '-01', '+02', '+01', '-05%', '+05%', '6000', '420000', 'Buy: Gongaga, Rocket Town'),
        ('Barrier', 'Support', '1-Star', '0', 'Barrier', '16', 'Auto', 'N/A', 'N/A', 'Yes', '-02', '-01', '+02', '+01', '-05%', '+05%', '10000', '600000', 'Buy: Rocket Town'),
        ('Barrier', 'Support', '2-Star', '5000', 'Magic Barrier', '24', 'Auto', 'N/A', 'N/A', 'Yes', '-02', '-01', '+02', '+01', '-05%', '+05%', '10000', '600000', 'Buy: Rocket Town'),
        ('Barrier', 'Support', '3-Star', '15000', 'Reflect', '30', 'Auto', 'N/A', 'N/A', 'No', '-02', '-01', '+02', '+01', '-05%', '+05%', '10000', '600000', 'Buy: Rocket Town'),
        ('Barrier', 'Support', '4-Star', '30000', 'Wall', '58', 'Auto', 'N/A', 'N/A', 'Yes', '-02', '-01', '+02', '+01', '-05%', '+05%', '10000', '600000', 'Buy: Rocket Town'),
        ('Barrier', 'Support', '5-Star', '45000', 'N/A', 'N/A', 'N/A', 'N/A', 'N/A', 'N/A', '-02', '-01', '+02', '+01', '-05%', '+05%', '10000', '600000', 'Buy: Rocket Town'),
        ('Shield', 'Support', '1-Star', '0', 'N/A', 'N/A', 'N/A', 'N/A', 'N/A', 'N/A', '-04', '-02', '+04', '+02', '-10%', '+10%', 'N/A', '1', 'Find: Northern Crater'),
        ('Shield', 'Support', '2-Star', '10000', 'Shield', '180', 'Auto', '100%', 'N/A', 'Yes', '-04', '-02', '+04', '+02', '-10%', '+10%', 'N/A', '1', 'Find: Northern Crater'),
        ('Shield', 'Support', '3-Star', '100000', 'N/A', 'N/A', 'N/A', 'N/A', 'N/A', 'N/A', '-04', '-02', '+04', '+02', '-10%', '+10%', 'N/A', '1', 'Find: Northern Crater'),
        ('Seal', 'Debuff', '1-Star', '0', 'Sleepel', '8', '100', '72%', 'N/A', 'Yes', '-01', '-00', '+01', '+00', '-02%', '+02%', '3000', '210000', 'Buy: Junon, Costa del Sol'),
        ('Seal', 'Debuff', '2-Star', '10000', 'Silence', '24', '100', '60%', 'N/A', 'Yes', '-01', '-00', '+01', '+00', '-02%', '+02%', '3000', '210000', 'Buy: Junon, Costa del Sol'),
        ('Seal', 'Debuff', '3-Star', '20000', 'N/A', 'N/A', 'N/A', 'N/A', 'N/A', 'N/A', '-01', '-00', '+01', '+00', '-02%', '+02%', '3000', '210000', 'Buy: Junon, Costa del Sol'),
        ('Transform', 'Debuff', '1-Star', '0', 'Mini', '10', '100', '72% with Normal Target, 100% with Small Target', 'N/A', 'Yes', '-01', '-00', '+01', '+00', '-02%', '+02%', '5000', '350000', 'Buy: North Corel, Gongaga, Cosmo Canyon, Mideel, Find: Corel Bridge'),
        ('Transform', 'Debuff', '2-Star', '8000', 'Toad', '14', '100', '72% with Normal Target, 100% with Small Target', 'N/A', 'Yes', '-01', '-00', '+01', '+00', '-02%', '+02%', '5000', '350000', 'Buy: North Corel, Gongaga, Cosmo Canyon, Mideel, Find: Corel Bridge'),
        ('Transform', 'Debuff', '3-Star', '24000', 'N/A', 'N/A', 'N/A', 'N/A', 'N/A', 'N/A', '-01', '-00', '+01', '+00', '-02%', '+02%', '5000', '350000', 'Buy: North Corel, Gongaga, Cosmo Canyon, Mideel, Find: Corel Bridge'),
        ('Mystify', 'Debuff', '1-Star', '0', 'Confu', '18', '100', '60%', 'N/A', 'Yes', '-01', '-00', '+01', '+00', '-02%', '+02%', '5000', '420000', 'Buy: Gongaga, Cosmo Canyon'),
        ('Mystify', 'Debuff', '2-Star', '12000', 'Berserk', '28', '100', '80% on Enemies, 100% on Party', 'N/A', 'Yes', '-01', '-00', '+01', '+00', '-02%', '+02%', '5000', '420000', 'Buy: Gongaga, Cosmo Canyon'),
        ('Mystify', 'Debuff', '3-Star', '25000', 'N/A', 'N/A', 'N/A', 'N/A', 'N/A', 'N/A', '-01', '-00', '+01', '+00', '-02%', '+02%', '5000', '420000', 'Buy: Gongaga, Cosmo Canyon'),
        ('Destruct', 'Debuff', '1-Star', '0', 'DeBarrier', '12', '255', '100%', 'N/A', 'No', '-02', '-01', '+02', '+01', '-05%', '+05%', '9000', '630000', 'Buy: Fort Condor, Mideel, Find: Shinra HQ'),
        ('Destruct', 'Debuff', '2-Star', '6000', 'DeSpell', '20', '255', '100%', 'N/A', 'No', '-02', '-01', '+02', '+01', '-05%', '+05%', '9000', '630000', 'Buy: Fort Condor, Mideel, Find: Shinra HQ'),
        ('Destruct', 'Debuff', '3-Star', '10000', 'Death', '30', '100', '44%', 'N/A', 'Yes', '-02', '-01', '+02', '+01', '-05%', '+05%', '9000', '630000', 'Buy: Fort Condor, Mideel, Find: Shinra HQ'),
        ('Destruct', 'Debuff', '4-Star', '45000', 'N/A', 'N/A', 'N/A', 'N/A', 'N/A', 'N/A', '-02', '-01', '+02', '+01', '-05%', '+05%', '9000', '630000', 'Buy: Fort Condor, Mideel, Find: Shinra HQ'),
        ('Lightning', 'Attack', '1-Star', '0', 'Bolt', '4', '100', '0.5 x Base', 'Lightning', 'Yes', '-01', '-00', '+01', '+00', '-02%', '+02%', '600', '42000', 'Buy: Sector 7: Slums, Sector 5: Slums, Wall Market, Fort Condor, Junon, Costa del Sol, Mideel'),
        ('Lightning', 'Attack', '2-Star', '2000', 'Bolt II', '22', '100', '1.25 x Base', 'Lightning', 'Yes', '-01', '-00', '+01', '+00', '-02%', '+02%', '600', '42000', 'Buy: Sector 7: Slums, Sector 5: Slums, Wall Market, Fort Condor, Junon, Costa del Sol, Mideel'),
        ('Lightning', 'Attack', '3-Star', '18000', 'Bolt III', '52', '100', '4 x Base', 'Lightning', 'Yes', '-01', '-00', '+01', '+00', '-02%', '+02%', '600', '42000', 'Buy: Sector 7: Slums, Sector 5: Slums, Wall Market, Fort Condor, Junon, Costa del Sol, Mideel'),
        ('Lightning', 'Attack', '4-Star', '35000', 'N/A', 'N/A', 'N/A', 'N/A', 'N/A', 'N/A', '-01', '-00', '+01', '+00', '-02%', '+02%', '600', '42000', 'Buy: Sector 7: Slums, Sector 5: Slums, Wall Market, Fort Condor, Junon, Costa del Sol, Mideel'),
        ('Ice', 'Attack', '1-Star', '0', 'Ice', '4', '100', '0.5 x Base', 'Ice', 'Yes', '-01', '-00', '+01', '+00', '-02%', '+02%', '600', '42000', 'Buy: Sector 7: Slums, Sector 5: Slums, Wall Market, Fort Condor, Junon, Costa del Sol, Mideel'),
        ('Ice', 'Attack', '2-Star', '2000', 'Ice II', '22', '100', '1.25 x Base', 'Ice', 'Yes', '-01', '-00', '+01', '+00', '-02%', '+02%', '600', '42000', 'Buy: Sector 7: Slums, Sector 5: Slums, Wall Market, Fort Condor, Junon, Costa del Sol, Mideel'),
        ('Ice', 'Attack', '3-Star', '18000', 'Ice III', '52', '100', '4 x Base', 'Ice', 'Yes', '-01', '-00', '+01', '+00', '-02%', '+02%', '600', '42000', 'Buy: Sector 7: Slums, Sector 5: Slums, Wall Market, Fort Condor, Junon, Costa del Sol, Mideel'),
        ('Ice', 'Attack', '4-Star', '35000', 'N/A', 'N/A', 'N/A', 'N/A', 'N/A', 'N/A', '-01', '-00', '+01', '+00', '-02%', '+02%', '600', '42000', 'Buy: Sector 7: Slums, Sector 5: Slums, Wall Market, Fort Condor, Junon, Costa del Sol, Mideel'),
        ('Fire', 'Attack', '1-Star', '0', 'Fire', '4', '100', '0.5 x Base', 'Fire', 'Yes', '-01', '-00', '+01', '+00', '-02%', '+02%', '600', '42000', 'Buy: Sector 7: Slums, Sector 5: Slums, Wall Market, Fort Condor, Junon, Costa del Sol, Mideel'),
        ('Fire', 'Attack', '2-Star', '2000', 'Fire II', '22', '100', '1.25 x Base', 'Fire', 'Yes', '-01', '-00', '+01', '+00', '-02%', '+02%', '600', '42000', 'Buy: Sector 7: Slums, Sector 5: Slums, Wall Market, Fort Condor, Junon, Costa del Sol, Mideel'),
        ('Fire', 'Attack', '3-Star', '18000', 'Fire III', '52', '100', '4 x Base', 'Fire', 'Yes', '-01', '-00', '+01', '+00', '-02%', '+02%', '600', '42000', 'Buy: Sector 7: Slums, Sector 5: Slums, Wall Market, Fort Condor, Junon, Costa del Sol, Mideel'),
        ('Fire', 'Attack', '4-Star', '35000', 'N/A', 'N/A', 'N/A', 'N/A', 'N/A', 'N/A', '-01', '-00', '+01', '+00', '-02%', '+02%', '600', '42000', 'Buy: Sector 7: Slums, Sector 5: Slums, Wall Market, Fort Condor, Junon, Costa del Sol, Mideel'),
        ('Poison', 'Attack', '1-Star', '0', 'Bio', '8', '100', '0.625 x Base 48%', 'Poison', 'Yes', '-01', '-00', '+01', '+00', '-02%', '+02%', '1500', '105000', 'Buy: Kalm, Junon, Costa del Sol, Find: Shinra HQ: 67F'),
        ('Poison', 'Attack', '2-Star', '5000', 'Bio II', '36', '100', '1.3125 x Base 48%', 'Poison', 'Yes', '-01', '-00', '+01', '+00', '-02%', '+02%', '1500', '105000', 'Buy: Kalm, Junon, Costa del Sol, Find: Shinra HQ: 67F'),
        ('Poison', 'Attack', '3-Star', '20000', 'Bio III', '80', '100', '4.25 x Base 72%', 'Poison', 'Yes', '-01', '-00', '+01', '+00', '-02%', '+02%', '1500', '105000', 'Buy: Kalm, Junon, Costa del Sol, Find: Shinra HQ: 67F'),
        ('Poison', 'Attack', '4-Star', '38000', 'N/A', 'N/A', 'N/A', 'N/A', 'N/A', 'N/A', '-01', '-00', '+01', '+00', '-02%', '+02%', '1500', '105000', 'Buy: Kalm, Junon, Costa del Sol, Find: Shinra HQ: 67F'),
        ('Earth', 'Attack', '1-Star', '0', 'Quake', '6', '100', '0.6875 x Base', 'Earth', 'Yes', '-01', '-00', '+01', '+00', '-02%', '+02%', '1500', '105000', 'Buy: Kalm, Junon, Costa del Sol'),
        ('Earth', 'Attack', '2-Star', '6000', 'Quake II', '28', '100', '1.5 x Base', 'Earth', 'Yes', '-01', '-00', '+01', '+00', '-02%', '+02%', '1500', '105000', 'Buy: Kalm, Junon, Costa del Sol'),
        ('Earth', 'Attack', '3-Star', '22000', 'Quake III', '68', '100', '4375 + Base', 'Earth', 'Yes', '-01', '-00', '+01', '+00', '-02%', '+02%', '1500', '105000', 'Buy: Kalm, Junon, Costa del Sol'),
        ('Earth', 'Attack', '4-Star', '40000', 'N/A', 'N/A', 'N/A', 'N/A', 'N/A', 'N/A', '-01', '-00', '+01', '+00', '-02%', '+02%', '1500', '105000', 'Buy: Kalm, Junon, Costa del Sol'),
        ('Gravity', 'Attack', '1-Star', '0', 'Demi', '14', '75', 'Target Health Point(HP) / 4', 'Gravity', 'No', '-01', '-00', '+01', '+00', '-02%', '+02%', '6000', '560000', 'Buy: Costa del Sol, Mideel, Find: Cave of the Gi'),
        ('Gravity', 'Attack', '2-Star', '10000',' Demi II', '33', '75', 'Target Health Point(HP) / 2', 'Gravity', 'No', '-01', '-00', '+01', '+00', '-02%', '+02%', '6000', '560000', 'Buy: Costa del Sol, Mideel, Find: Cave of the Gi'),
        ('Gravity', 'Attack', '3-Star', '20000', 'Demi III', '48', '75', 'Target Health Point(HP) x 3/4', 'Gravity', 'No', '-01', '-00', '+01', '+00', '-02%', '+02%', '6000', '560000', 'Buy: Costa del Sol, Mideel, Find: Cave of the Gi'),
        ('Gravity', 'Attack', '4-Star', '40000', 'N/A', 'N/A', 'N/A', 'N/A', 'N/A', 'N/A', '-01', '-00', '+01', '+00', '-02%', '+02%', '6000', '560000', 'Buy: Costa del Sol, Mideel, Find: Cave of the Gi'),
        ('Comet', 'Attack', '1-Star', '0', 'Comet', '70', '100', '5 x Base', 'N/A', 'No', '-02', '-01', '+02', '+01', '-05%', '+05%', 'N/A', '1400000', 'Find: Forgotten Capital'),
        ('Comet', 'Attack', '2-Star', '12000', 'Comet II', '110', '100', '1.875 x Base', 'N/A', 'No', '-02', '-01', '+02', '+01', '-05%', '+05%', 'N/A', '1400000', 'Find: Forgotten Capital'),
        ('Comet', 'Attack', '3-Star', '60000', 'N/A', 'N/A', 'N/A', 'N/A', 'N/A', 'N/A', '-02', '-01', '+02', '+01', '-05%', '+05%', 'N/A', '1400000', 'Find: Forgotten Capital'),
        ('Contain', 'Attack', '1-Star', '0', 'Freeze', '82', '100', '5.937 x Base', 'Ice', 'Yes', '-04', '-02', '+04', '+02', '-10%', '+10%', 'N/A', '1', 'Find: Mideel'),
        ('Contain', 'Attack', '2-Star', '5000', 'Break', '86', '100', '6.25 x Base', 'Earth', 'Yes', '-04', '-02', '+04', '+02', '-10%', '+10%', 'N/A', '1', 'Find: Mideel'),
        ('Contain', 'Attack', '3-Star', '10000', 'Tornado', '90', '100', '6.5625 x Base', 'Wind', 'Yes', '-04', '-02', '+04', '+02', '-10%', '+10%', 'N/A', '1', 'Find: Mideel'),
        ('Contain', 'Attack', '4-Star', '15000', 'Flare', '100', '100', '7.1875 x Base', 'Fire', 'Yes', '-04', '-02', '+04', '+02', '-10%', '+10%', 'N/A', '1', 'Find: Mideel'),
        ('Contain', 'Attack', '5-Star', '60000', 'N/A', 'N/A', 'N/A', 'N/A', 'N/A', 'N/A', '-04', '-02', '+04', '+02', '-10%', '+10%', 'N/A', '1', 'Find: Mideel'),
        ('Ultima', 'Attack', '1-Star', '0', 'N/A', 'N/A', 'N/A', 'N/A', 'N/A', 'N/A', '-04', '-02', '+04', '+02', '-10%', '+10%', '0 / 50000', '1', 'Find: North Corel'),
        ('Ultima', 'Attack', '2-Star', '5000', 'Ultima', '130', '100', '5.5625 x Base', 'N/A', 'No', '-04', '-02', '+04', '+02', '-10%', '+10%', '0 / 50000', '1', 'Find: North Corel'),
        ('Ulitma', 'Attack', '3-Star', '100000', 'N/A', 'N/A', 'N/A', 'N/A', 'N/A', 'N/A', '-04', '-02', '+04', '+02', '-10%', '+10%', '0 / 50000', '1', 'Find: North Corel')

        GO

INSERT INTO Summon_Materia (Name, [Type], Magic_Points_Cost, Element, Magic, Magic_Defense, Max_Health_Points, Max_Mana_Points, [Level], Ability_Points, [Description], [Location])
    VALUES ('Choco/Mog', 'Summon', '14', 'Wind-Elemental(Japanese), Non-Elemental(International)', '+01', '+00', '-02%', '+02%', 'Level 1', '0', 'Deathblow/Fat Chocobo', 'Find: Chocobo Farm'),
        ('Choco/Mog', 'Summon', '14', 'Wind-Elemental(Japanese), Non-Elemental(International)', '+01', '+00', '-02%', '+02%', 'Level 2', '2000', 'Deathblow/Fat Chocobo', 'Find: Chocobo Farm'),
        ('Choco/Mog', 'Summon', '14', 'Wind-Elemental(Japanese), Non-Elemental(International)', '+01', '+00', '-02%', '+02%', 'Level 3', '14000', 'Deathblow/Fat Chocobo', 'Find: Chocobo Farm'),
        ('Choco/Mog', 'Summon', '14', 'Wind-Elemental(Japanese), Non-Elemental(International)', '+01', '+00', '-02%', '+02%', 'Level 4', '25000', 'Deathblow/Fat Chocobo', 'Find: Chocobo Farm'),
        ('Choco/Mog', 'Summon', '14', 'Wind-Elemental(Japanese), Non-Elemental(International)', '+01', '+00', '-02%', '+02%', 'Level 5', '35000', 'Deathblow/Fat Chocobo', 'Find: Chocobo Farm'),
        ('Phoenix', 'Summon', '180', 'Fire', '+02', '+02', '-10%', '+10%', 'Level 1', '0', 'Phoenix Flame', 'Find: Fort Condor'),
        ('Phoenix', 'Summon', '180', 'Fire', '+02', '+02', '-10%', '+10%', 'Level 2', '30000', 'Phoenix Flame', 'Find: Fort Condor'),
        ('Phoenix', 'Summon', '180', 'Fire', '+02', '+02', '-10%', '+10%', 'Level 3', '80000', 'Phoenix Flame', 'Find: Fort Condor'),
        ('Phoenix', 'Summon', '180', 'Fire', '+02', '+02', '-10%', '+10%', 'Level 4', '140000', 'Phoenix Flame', 'Find: Fort Condor'),
        ('Phoenix', 'Summon', '180', 'Fire', '+02', '+02', '-10%', '+10%', 'Level 5', '200000', 'Phoenix Flame', 'Find: Fort Condor'),
        ('Hades', 'Summon', '150', 'N/A', '+04', '+04', '-10%', '+10%', 'Level 1', '0', 'Black Cauldron', 'Find: Sunken Gelnika'),
        ('Hades', 'Summon', '150', 'N/A', '+04', '+04', '-10%', '+10%', 'Level 2', '35000', 'Black Cauldron', 'Find: Sunken Gelnika'),
        ('Hades', 'Summon', '150', 'N/A', '+04', '+04', '-10%', '+10%', 'Level 3', '120000', 'Black Cauldron', 'Find: Sunken Gelnika'),
        ('Hades', 'Summon', '150', 'N/A', '+04', '+04', '-10%', '+10%', 'Level 4', '150000', 'Black Cauldron', 'Find: Sunken Gelnika'),
        ('Hades', 'Summon', '150', 'N/A', '+04', '+04', '-10%', '+10%', 'Level 5', '250000', 'Black Cauldron', 'Find: Sunken Gelnika'),
        ('Shiva', 'Elemental', '32', 'Ice', '+01', '+00', '-02%', '+02%', 'Level 1', '0', 'Black Cauldron', 'Find: Junon'),
        ('Shiva', 'Elemental', '32', 'Ice', '+01', '+00', '-02%', '+02%', 'Level 2', '4000', 'Diamond Dust', 'Find: Junon'),
        ('Shiva', 'Elemental', '32', 'Ice', '+01', '+00', '-02%', '+02%', 'Level 3', '15000', 'Diamond Dust', 'Find: Junon'),
        ('Shiva', 'Elemental', '32', 'Ice', '+01', '+00', '-02%', '+02%', 'Level 4', '30000', 'Diamond Dust', 'Find: Junon'),
        ('Shiva', 'Elemental', '32', 'Ice', '+01', '+00', '-02%', '+02%', 'Level 5', '50000', 'Diamond Dust', 'Find: Junon'),
        ('Ifrit', 'Elemental', '34', 'Fire', '+01', '+00', '-02%', '+02%', 'Level 1', '0', 'Hellfire', 'Find: Cargo Ship'),
        ('Ifrit', 'Elemental', '34', 'Fire', '+01', '+00', '-02%', '+02%', 'Level 2', '5000', 'Hellfire', 'Find: Cargo Ship'),
        ('Ifrit', 'Elemental', '34', 'Fire', '+01', '+00', '-02%', '+02%', 'Level 3', '20000', 'Hellfire', 'Find: Cargo Ship'),
        ('Ifrit', 'Elemental', '34', 'Fire', '+01', '+00', '-02%', '+02%', 'Level 4', '35000', 'Hellfire', 'Find: Cargo Ship'),
        ('Ifrit', 'Elemental', '34', 'Fire', '+01', '+00', '-02%', '+02%', 'Level 5', '60000', 'Hellfire', 'Find: Cargo Ship'),
        ('Ramuh', 'Elemental', '40', 'Lightning', '+01', '+00', '-02%', '+02%', 'Level 1', '0', 'Judgment Bolt', 'Find: Gold Saucer'),
        ('Ramuh', 'Elemental', '40', 'Lightning', '+01', '+00', '-02%', '+02%', 'Level 2', '10000', 'Judgment Bolt', 'Find: Gold Saucer'),
        ('Ramuh', 'Elemental', '40', 'Lightning', '+01', '+00', '-02%', '+02%', 'Level 3', '25000', 'Judgment Bolt', 'Find: Gold Saucer'),
        ('Ramuh', 'Elemental', '40', 'Lightning', '+01', '+00', '-02%', '+02%', 'Level 4', '50000', 'Judgment Bolt', 'Find: Gold Saucer'),
        ('Ramuh', 'Elemental', '40', 'Lightning', '+01', '+00', '-02%', '+02%', 'Level 5', '70000', 'Judgment Bolt', 'Find: Gold Saucer'),
        ('Titan', 'Elemental', '46', 'Earth', '+01', '+00', '-02%', '+02%', 'Level 1', '0', 'Anger of the Land', 'Find: Gongaga Reactor'),
        ('Titan', 'Elemental', '46', 'Earth', '+01', '+00', '-02%', '+02%', 'Level 2', '15000', 'Anger of the Land', 'Find: Gongaga Reactor'),
        ('Titan', 'Elemental', '46', 'Earth', '+01', '+00', '-02%', '+02%', 'Level 3', '30000', 'Anger of the Land', 'Find: Gongaga Reactor'),
        ('Titan', 'Elemental', '46', 'Earth', '+01', '+00', '-02%', '+02%', 'Level 4', '60000', 'Anger of the Land', 'Find: Gongaga Reactor'),
        ('Titan', 'Elemental', '46', 'Earth', '+01', '+00', '-02%', '+02%', 'Level 5', '80000', 'Anger of the Land', 'Find: Gongaga Reactor'),
        ('Leviathan', 'Elemental', '78', 'Water', '+01', '+01', '-05%', '+05%', 'Level 1', '0', 'Tidal Wave', 'Find: Wutai'),
        ('Leviathan', 'Elemental', '78', 'Water', '+01', '+01', '-05%', '+05%', 'Level 2', '18000', 'Tidal Wave', 'Find: Wutai'),
        ('Leviathan', 'Elemental', '78', 'Water', '+01', '+01', '-05%', '+05%', 'Level 3', '38000', 'Tidal Wave', 'Find: Wutai'),
        ('Leviathan', 'Elemental', '78', 'Water', '+01', '+01', '-05%', '+05%', 'Level 4', '70000', 'Tidal Wave', 'Find: Wutai'),
        ('Leviathan', 'Elemental', '78', 'Water', '+01', '+01', '-05%', '+05%', 'Level 5', '100000', 'Tidal Wave', 'Find: Wutai'),
        ('Kjata', 'Elemental', '110', 'N/A', '+01', '+01', '-05%', '+05%', 'Level 1', '0', 'Tetra Disaster', 'Find: Sleeping Forest'),
        ('Kjata', 'Elemental', '110', 'N/A', '+01', '+01', '-05%', '+05%', 'Level 2', '22000', 'Tetra Disaster', 'Find: Sleeping Forest'),
        ('Kjata', 'Elemental', '110', 'N/A', '+01', '+01', '-05%', '+05%', 'Level 3', '60000', 'Tetra Disaster', 'Find: Sleeping Forest'),
        ('Kjata', 'Elemental', '110', 'N/A', '+01', '+01', '-05%', '+05%', 'Level 4', '90000', 'Tetra Disaster', 'Find: Sleeping Forest'),
        ('Kjata', 'Elemental', '110', 'N/A', '+01', '+01', '-05%', '+05%', 'Level 5', '140000', 'Tetra Disaster', 'Find: Sleeping Forest'),
        ('Alexander', 'Elemental', '120', 'Holy', '+01', '+01', '-05%', '+05%', 'Level 1', '0', 'Judgment', 'Find: Great Glacier'),
        ('Alexander', 'Elemental', '120', 'Holy', '+01', '+01', '-05%', '+05%', 'Level 2', '25000',' Judgment', 'Find: Great Glacier'),
        ('Alexander', 'Elemental', '120', 'Holy', '+01', '+01', '-05%', '+05%', 'Level 3', '65000', 'Judgment', 'Find: Great Glacier'),
        ('Alexander', 'Elemental', '120', 'Holy', '+01', '+01', '-05%', '+05%', 'Level 4', '100000', 'Judgment', 'Find: Great Glacier'),
        ('Alexander', 'Elemental', '120', 'Holy', '+01', '+01', '-05%', '+05%', 'Level 5', '150000',' Judgment', 'Find: Great Glacier'),
        ('Typhoon', 'Elemental', '160', 'Wind', '+04', '+04', '-10%', '+10%', 'Level 1', '0', 'Disintegration', 'Find: Ancient Forest'),
        ('Typhoon', 'Elemental', '160', 'Wind', '+04', '+04', '-10%', '+10%', 'Level 2', '35000',' Disintegration', 'Find: Ancient Forest'),
        ('Typhoon', 'Elemental', '160', 'Wind', '+04', '+04', '-10%', '+10%', 'Level 3', '120000', 'Disintegration', 'Find: Ancient Forest'),
        ('Typhoon', 'Elemental', '160', 'Wind', '+04', '+04', '-10%', '+10%', 'Level 4', '150000', 'Disintegration', 'Find: Ancient Forest'),
        ('Typhoon', 'Elemental', '160', 'Wind', '+04', '+04', '-10%', '+10%', 'Level 5', '250000', 'Disintegration', 'Find: Ancient Forest'),
        ('Odin', 'Non-Elemental', '80', 'N/A', '+01', '+01', '-05%', '+05%', 'Level 1', '0', 'Steel Bladed Sword/Gunge Lance', 'Find: Shinra Mansion'),
        ('Odin', 'Non-Elemental', '80', 'N/A', '+01', '+01', '-05%', '+05%', 'Level 2', '16000', 'Steel Bladed Sword/Gunge Lance', 'Find: Shinra Mansion'),
        ('Odin', 'Non-Elemental', '80', 'N/A', '+01', '+01', '-05%', '+05%', 'Level 3', '32000', 'Steel Bladed Sword/Gunge Lance', 'Find: Shinra Mansion'),
        ('Odin', 'Non-Elemental', '80', 'N/A', '+01', '+01', '-05%', '+05%', 'Level 4', '65000', 'Steel Bladed Sword/Gunge Lance', 'Find: Shinra Mansion'),
        ('Odin', 'Non-Elemental', '80', 'N/A', '+01', '+01', '-05%', '+05%', 'Level 5', '80000', 'Steel Bladed Sword/Gunge Lance', 'Find: Shinra Mansion'),
        ('Bahamut', 'Non-Elemental', '100', 'N/A', '+01', '+01', '-05%', '+05%', 'Level 1', '0', 'Mega Flare', 'Find: Temple of the Ancients'),
        ('Bahamut', 'Non-Elemental', '100', 'N/A', '+01', '+01', '-05%', '+05%', 'Level 2', '20000', 'Mega Flare', 'Find: Temple of the Ancients'),
        ('Bahamut', 'Non-Elemental', '100', 'N/A', '+01', '+01', '-05%', '+05%', 'Level 3', '50000', 'Mega Flare', 'Find: Temple of the Ancients'),
        ('Bahamut', 'Non-Elemental', '100', 'N/A', '+01', '+01', '-05%', '+05%', 'Level 4', '80000', 'Mega Flare', 'Find: Temple of the Ancients'),
        ('Bahamut', 'Non-Elemental', '100', 'N/A', '+01', '+01', '-05%', '+05%', 'Level 5', '120000', 'Mega Flare', 'Find: Temple of the Ancients'),
        ('Neo Bahamut', 'Non-Elemental', '140', 'N/A', '+02', '+02', '-10%', '+10%', 'Level 1', '0', 'Giga Flare', 'Find: Whirlwind Maze'),
        ('Neo Bahamut', 'Non-Elemental', '140', 'N/A', '+02', '+02', '-10%', '+10%', 'Level 2', '30000', 'Giga Flare', 'Find: Whirlwind Maze'),
        ('Neo Bahamut', 'Non-Elemental', '140', 'N/A', '+02', '+02', '-10%', '+10%', 'Level 3', '80000', 'Giga Flare', 'Find: Whirlwind Maze'),
        ('Neo Bahamut', 'Non-Elemental', '140', 'N/A', '+02', '+02', '-10%', '+10%', 'Level 4', '140000', 'Giga Flare', 'Find: Whirlwind Maze'),
        ('Neo Bahamut', 'Non-Elemental', '140', 'N/A', '+02', '+02', '-10%', '+10%', 'Level 5', '200000', 'Giga Flare', 'Find: Whirlwind Maze'),
        ('Bahamut ZERO', 'Non-Elemental', '180', 'N/A', '+04', '+04', '-10%', '+10%', 'Level 1', '0', 'Tera Flare', 'Find: Cosmo Canyon'),
        ('Bahamut ZERO', 'Non-Elemental', '180', 'N/A', '+04', '+04', '-10%', '+10%', 'Level 2', '35000', 'Tera Flare', 'Find: Cosmo Canyon'),
        ('Bahamut ZERO', 'Non-Elemental', '180', 'N/A', '+04', '+04', '-10%', '+10%', 'Level 3', '120000', 'Tera Flare', 'Find: Cosmo Canyon'),
        ('Bahamut ZERO', 'Non-Elemental', '180', 'N/A', '+04', '+04', '-10%', '+10%', 'Level 4', '150000', 'Tera Flare', 'Find: Cosmo Canyon'),
        ('Bahamut ZERO', 'Non-Elemental', '180', 'N/A', '+04', '+04', '-10%', '+10%', 'Level 5', '250000', 'Tera Flare', 'Find: Cosmo Canyon'),
        ('Knights of Round', 'Non-Elemental', '250', 'N/A', '+08', '+08', '-10%', '+20%', 'Level 1', '0', 'Ultimate End', 'Find: Round Island'),
        ('Knights of Round', 'Non-Elemental', '250', 'N/A', '+08', '+08', '-10%', '+20%', 'Level 2', '50000', 'Ultimate End', 'Find: Round Island'),
        ('Knights of Round', 'Non-Elemental', '250', 'N/A', '+08', '+08', '-10%', '+20%', 'Level 3', '200000', 'Ultimate End', 'Find: Round Island'),
        ('Knights of Round', 'Non-Elemental', '250', 'N/A', '+08', '+08', '-10%', '+20%', 'Level 4', '300000', 'Ultimate End', 'Find: Round Island'),
        ('Knights of Round', 'Non-Elemental', '250', 'N/A', '+08', '+08', '-10%', '+20%', 'Level 5', '500000', 'Ultimate End', 'Find: Round Island')

        GO

INSERT INTO Command_Materia (Name, [Type], [Strength], [Magic], Vitality, Magic_Defense, Max_Health_Points, Max_Mana_Points, [Luck], [Price], [Level], [Description], Ability_Points, [Location])
    VALUES ('Mime', 'Support', 'N/A', 'N/A', 'N/A', 'N/A', 'N/A', 'N/A', 'N/A', 'N/A', 'Level 1', 'Duplicate last battle action without consuming Mana Point(MP) or items', '0', 'Find: Wutai Materia Cave'),
        ('Mime', 'Support', 'N/A', 'N/A', 'N/A', 'N/A', 'N/A', 'N/A', 'N/A', 'N/A', 'Level 2', 'Duplicate last battle action without consuming Mana Point(MP) or items', '100000', 'Find: Wutai Materia Cave'),
        ('W-Item', 'Support', 'N/A', 'N/A', 'N/A', 'N/A', 'N/A', 'N/A', 'N/A', 'N/A', 'Level 1', 'Utilize two items from inventory at once', '0', 'Find: Midgar Tunnel'),
        ('W-Item', 'Support', 'N/A', 'N/A', 'N/A', 'N/A', 'N/A', 'N/A', 'N/A', 'N/A', 'Level 2', 'Utilize two items from inventory at once', '250000', 'Find: Midgar Tunnel'),
        ('W-Magic', 'Support', 'N/A', 'N/A', 'N/A', 'N/A', 'N/A', 'N/A', 'N/A', 'N/A', 'Level 1', 'Cast: Two magic spells at once', '0', 'Find: Northern Crater'),
        ('W-Magic', 'Support', 'N/A', 'N/A', 'N/A', 'N/A', 'N/A', 'N/A', 'N/A', 'N/A', 'Level 2', 'Cast: Two magic spells at once', '250000', 'Find: Northern Crater'),
        ('W-Summon', 'Support', 'N/A', 'N/A', 'N/A', 'N/A', 'N/A', 'N/A', 'N/A', 'N/A', 'Level 1', 'Cast: Two summon spells at once', '0',' Find: Battle Square'),
        ('W-Summon', 'Support', 'N/A', 'N/A', 'N/A', 'N/A', 'N/A', 'N/A', 'N/A', 'N/A', 'Level 2', 'Cast: Two summon spells at once', '250000',' Find: Battle Square'),
        ('Manipulate', 'Debuff', 'N/A', 'N/A', 'N/A', 'N/A', 'N/A', 'N/A', 'N/A', '10000', 'Level 1', 'Control opponent and use up to three battle commands', '0', 'Buy: Fort Condor, Rocket Town'),
        ('Manipulate', 'Debuff', 'N/A', 'N/A', 'N/A', 'N/A', 'N/A', 'N/A', 'N/A', '10000', 'Level 2', 'Control opponent and use up to three battle commands', '40000', 'Buy: Fort Condor, Rocket Town'),
        ('Morph', 'Debuff', 'N/A', 'N/A', 'N/A', 'N/A', 'N/A', 'N/A', 'N/A', '10000', 'Level 1', 'Enemy becomes an item if kill', '0', 'Find: Temple of the Ancients'),
        ('Morph', 'Debuff', 'N/A', 'N/A', 'N/A', 'N/A', 'N/A', 'N/A', 'N/A', '10000', 'Level 2', 'Enemy becomes an item if kill', '100000', 'Find: Temple of the Ancients'),
        ('Sense', 'Debuff', 'N/A', 'N/A', 'N/A', 'N/A', 'N/A', 'N/A', 'N/A', '1000', 'Level 1', 'Allows user to see stats(Level, Health Point, Mana Point, etc.)', '0', 'Buy: Kalm, Junon, Find: Sector 6'),
        ('Sense', 'Debuff', 'N/A', 'N/A', 'N/A', 'N/A', 'N/A', 'N/A', 'N/A', '1000', 'Level 2', 'Allows user to see stats(Level, Health Point, Mana Point, etc.)', '40000', 'Buy: Kalm, Junon, Find: Sector 6'),
        ('Steal', 'Debuff', 'N/A', 'N/A', 'N/A', 'N/A', 'N/A', 'N/A', 'N/A', '1200', 'Level 1', 'Two Abilities: Steal (Attempt to steal an item from a single target) & Mug(Causes physical damage to single target when attempting to steal an item)', '0', 'Buy: Kalm, Find: Sector 6: Sewer'),
        ('Steal', 'Debuff', 'N/A', 'N/A', 'N/A', 'N/A', 'N/A', 'N/A', 'N/A', '1200', 'Level 2', 'Two Abilities: Steal (Attempt to steal an item from a single target) & Mug(Causes physical damage to single target when attempting to steal an item)', '40000', 'Buy: Kalm, Find: Sector 6: Sewer'),
        ('Deathblow', 'Attack', 'N/A', 'N/A', 'N/A', 'N/A', 'N/A', 'N/A', '+1', '10000', 'Level 1', 'Kills enemy or misses', '0', 'Buy: Fort Condor, Rocket Town, Find: Gongaga Reactor'),
        ('Deathblow', 'Attack', 'N/A', 'N/A', 'N/A', 'N/A', 'N/A', 'N/A', '+1', '10000', 'Level 2', 'Kills enemy or misses', '40000', 'Buy: Fort Condor, Rocket Town, Find: Gongaga Reactor'),
        ('Double Cut', 'Attack', 'N/A', 'N/A', 'N/A', 'N/A', 'N/A', '+1%', 'N/A', 'N/A', 'Level 1', '2x Cut: Attacks twice to one target, 4x Cut: Attacks four enemies', '0', 'Find: Sunken Gelnika'),
        ('Double Cut', 'Attack', 'N/A', 'N/A', 'N/A', 'N/A', 'N/A', '+1%', 'N/A', 'N/A', 'Level 2', '2x Cut: Attacks twice to one target, 4x Cut: Attacks four enemies', '100000', 'Find: Sunken Gelnika'),
        ('Double Cut', 'Attack', 'N/A', 'N/A', 'N/A', 'N/A', 'N/A', '+1%', 'N/A', 'N/A', 'Level 3', '2x Cut: Attacks twice to one target, 4x Cut: Attacks four enemies', '150000', 'Find: Sunken Gelnika'),
        ('Slash-All', 'Attack', 'N/A', 'N/A', 'N/A', 'N/A', 'N/A', 'N/A', 'N/A', 'N/A', 'Level 1', 'Slash-All: Attacks all enemies simultaneously, Flash: When successful, cause Death to all enemies', '0', 'Find: Ancient Forest'),
        ('Slash-All', 'Attack', 'N/A', 'N/A', 'N/A', 'N/A', 'N/A', 'N/A', 'N/A', 'N/A', 'Level 2', 'Slash-All: Attacks all enemies simultaneously, Flash: When successful, cause Death to all enemies', '130000', 'Find: Ancient Forest'),
        ('Slash-All', 'Attack', 'N/A', 'N/A', 'N/A', 'N/A', 'N/A', 'N/A', 'N/A', 'N/A', 'Level 3', 'Slash-All: Attacks all enemies simultaneously, Flash: When successful, cause Death to all enemies', '150000', 'Find: Ancient Forest'),
        ('Throw', 'Attack', 'N/A', 'N/A', '+1', 'N/A', 'N/A', 'N/A', 'N/A', 'N/A', 'Level 1', 'Throw: Throws an item to damage a single target, Coin: 1000 Gil = 100 Health Point(HP) of damage', '0', 'Buy: Fort Condor, Rocket Town'),
        ('Throw', 'Attack', 'N/A', 'N/A', '+1', 'N/A', 'N/A', 'N/A', 'N/A', 'N/A', 'Level 2', 'Throw: Throws an item to damage a single target, Coin: 1000 Gil = 100 Health Point(HP) of damage', '45000', 'Buy: Fort Condor, Rocket Town'),
        ('Throw', 'Attack', 'N/A', 'N/A', '+1', 'N/A', 'N/A', 'N/A', 'N/A', 'N/A', 'Level 3', 'Throw: Throws an item to damage a single target, Coin: 1000 Gil = 100 Health Point(HP) of damage', '60000', 'Buy: Fort Condor, Rocket Town')

        GO

INSERT INTO Enemy_Skills (Name, Magic_Points, Enemies, [Target], [Description], [Location])
    VALUES ('Matra Magic', '8', 'Bullmotor, Custom Sweeper, Death Machine', 'All', 'Non-Elemental damage, may reduce enemies to critical Health Point(HP)', 'Find: Midgar, Junon, Corel Prison'),
        ('L4 Suicide', '10', 'Mu, Trickplay', 'All', 'Damage = 31/32nds of enemy HP & Inflicts Mini if the enemies level are divisible by 4', 'Find: Chocobo Farm, Bone Village'),
        ('Chocobuckle', '3', 'Chocobo(Level 16)', 'All', 'Damage = Amount of times party escaped from battle', 'Find: Chocobo Farm'),
        ('Flame Thrower', '10', 'Ark Dragon, Dragon', 'One', 'Fire Damage', 'Find: Mythril Mine, Mt. Nibel'),
        ('Laser', '16', 'Dark Dragon, Death Claw', 'One', 'Damage 1/2 Health Point(HP)', 'Find: Corel Prison, Northern Cave'),
        ('Aqualung', '34', 'Jenova-LIFE, Harpy, Serpent', 'All', 'Water Damage(Reflect)', 'Find: Gold Saucer, Forgotten City, Sunken Gelnika'),
        ('Big Guard', '56', 'Beachplug, Wolfmeister', 'All', 'Cast: Barrier, Magic Barrier, & Haste to all allies', 'Find: Costa del Sol, Gold Saucer, North Corel'),
        ('White Wind', '34', 'Zemzelett, Wind Wing', 'All', 'Restores all allies & status = to caster current Health Point(HP)', 'Find: Junon, Whirlwind Maze'),
        ('Frog Song', '5', 'Touch Me, Toxic Frog', 'One', 'Cast Sleep & Toad', 'Find: Gongaga Area, Temple of the Ancients'),
        ('Death Sentence', '10', 'Sneaky Step, Gi Spector, Boundfat', 'One', 'Cast: Death(Instantly kill - 60 Seconds)', 'Find: Cave of the Gi, Corral Valley'),
        ('????', '3', 'Jersey, Behemoth', 'One', 'Non-Elemental physical damage = User Max Health Point(HP) - Current Health Point(HP)', 'Find: Shinra Mansion, Nibelheim, Sector 8: Underground, Midgar'),
        ('Death Force', '3', 'Adamantaimai', 'One', 'Cast: Immunity to Death', 'Find: Wutai Area'),
        ('Magic Hammer', '3', 'Razor Weed', 'One', 'Drains 100 Mana Point(MP)', 'Find: Wutai Area'),
        ('Beta', '35', 'Midgar Zolom', 'All', 'Fire Damage(Not Reflected)', 'Find: Chocobo Farm'),
        ('Trine', '20', 'Materia Keeper, Godo, Stilva', 'All', 'Lightning Damage', 'Find: Mt. Nibel, Wutai, Gaea Cliff'),
        ('Bad Breath', '58', 'Malboro', 'All', 'Cast: Sleep, Toad, Poison, Mini, Confusion, & Silence', 'Find: Gaea Cliff, Northern Cave'),
        ('Magic Breath', '75', 'Parasite, Stilva', 'All', 'Fire, Ice, & Lightning Damage', 'Find: Gaea Cliff, Northern Cave'),
        ('Goblin Punch', 'N/A', 'Goblin', 'One', 'x8 of the damage if the target is of equal level', 'Find: Goblin Island'),
        ('Dragon Force', '19', 'Dark Dragon', 'One', 'Raises Defense & Magic Defense by 50%', 'Find: Northern Cave'),
        ('Angel Whisper', '50', 'Pollensalta', 'One', 'Revives, Restore Health Point(HP) and Status to one ally', 'Find: Northern Cave'),
        ('Roulette', '6', 'Death Dealer', 'One', 'Cast: Instant Death to a random enemy or ally', 'Find: Northern Cave'),
        ('L5 Death', '22', 'Parasite', 'All', 'Cast: Instant Death if level is divided by 5', 'Find: Northern Cave'),
        ('Shadow Flare', '100', 'Safer-Sephiroth, Ultimate Weapon, Dragon Zombie, Ruby Weapon', 'One', 'Non-Elemental Damage(Reflect)', 'Find: Cosmo Area, Gold Saucer Area, Northern Cave'),
        ('Pandora Box', '110', 'Dragon Zombie', 'All', 'Non-Elemental Damage(Reflect)', 'Find: Northern Cave')

        GO

INSERT INTO Support_Materia (Name, [Type], [Strength], Magic, Vitality, Magic_Defense, Max_Health_Points, Max_Mana_Points, Luck, Price, [Level], [Description], Ability_Points, [Location])
    VALUES ('All', 'Support', 'N/A', 'N/A', 'N/A', 'N/A', 'N/A', 'N/A', 'N/A', '20000', 'Level 1', 'Can use linked magic on all enemies (One Use)', '0', 'Buy: Fort Condor, Find: Sector 7: Slums, Shinra HQ: 63F, Cargo Ship, Mt. Nibel, Great Glacier'),
        ('All', 'Support', 'N/A', 'N/A', 'N/A', 'N/A', 'N/A', 'N/A', 'N/A', '20000', 'Level 2', 'Can use linked magic on all enemies (Two Uses)', '1500', 'Buy: Fort Condor, Find: Sector 7: Slums, Shinra HQ: 63F, Cargo Ship, Mt. Nibel, Great Glacier'),
        ('All', 'Support', 'N/A', 'N/A', 'N/A', 'N/A', 'N/A', 'N/A', 'N/A', '20000', 'Level 3', 'Can use linked magic on all enemies (Three Uses)', '6000', 'Buy: Fort Condor, Find: Sector 7: Slums, Shinra HQ: 63F, Cargo Ship, Mt. Nibel, Great Glacier'),
        ('All', 'Support', 'N/A', 'N/A', 'N/A', 'N/A', 'N/A', 'N/A', 'N/A', '20000', 'Level 4', 'Can use linked magic on all enemies (Four Uses)', '18000', 'Buy: Fort Condor, Find: Sector 7: Slums, Shinra HQ: 63F, Cargo Ship, Mt. Nibel, Great Glacier'),
        ('All', 'Support', 'N/A', 'N/A', 'N/A', 'N/A', 'N/A', 'N/A', 'N/A', '20000', 'Level 5', 'Can use linked magic on all enemies (Five Uses)', '35000', 'Buy: Fort Condor, Find: Sector 7: Slums, Shinra HQ: 63F, Cargo Ship, Mt. Nibel, Great Glacier'),
        ('HP Absorb', 'Support', 'N/A', 'N/A', 'N/A', 'N/A', 'N/A', 'N/A', 'N/A', 'N/A', 'Level 1', 'Absorb 10% of damage inflicted', '0', 'Find: Wutai, Northern Cave'),
        ('HP Absorb', 'Support', 'N/A', 'N/A', 'N/A', 'N/A', 'N/A', 'N/A', 'N/A', 'N/A', 'Level 2', 'Absorb 10% of damage inflicted', '100000', 'Find: Wutai, Northern Cave'),
        ('MP Absorb', 'Support', 'N/A', 'N/A', 'N/A', 'N/A', 'N/A', 'N/A', 'N/A', 'N/A', 'Level 1', 'Absorb 1% of damage inflicted', '0', 'Find: Wutai'),
        ('MP Absorb', 'Support', 'N/A', 'N/A', 'N/A', 'N/A', 'N/A', 'N/A', 'N/A', 'N/A', 'Level 2', 'Absorb 1% of damage inflicted', '100000', 'Find: Wutai'),
        ('MP Turbo', 'Support', 'N/A', 'N/A', 'N/A', 'N/A', 'N/A', 'N/A', 'N/A', 'N/A', 'Level 1', 'Increase Mana Point(MP) & effect by 10%', '0', 'Find: Whirlwind Maze'),
        ('MP Turbo', 'Support', 'N/A', 'N/A', 'N/A', 'N/A', 'N/A', 'N/A', 'N/A', 'N/A', 'Level 2', 'Increase Mana Point(MP) & effect by 20%', '10000', 'Find: Whirlwind Maze'),
        ('MP Turbo', 'Support', 'N/A', 'N/A', 'N/A', 'N/A', 'N/A', 'N/A', 'N/A', 'N/A', 'Level 3', 'Increase Mana Point(MP) & effect by 30%', '30000', 'Find: Whirlwind Maze'),
        ('MP Turbo', 'Support', 'N/A', 'N/A', 'N/A', 'N/A', 'N/A', 'N/A', 'N/A', 'N/A', 'Level 4', 'Increase Mana Point(MP) & effect by 40%', '60000', 'Find: Whirlwind Maze'),
        ('MP Turbo', 'Support', 'N/A', 'N/A', 'N/A', 'N/A', 'N/A', 'N/A', 'N/A', 'N/A', 'Level 5', 'Increase Mana Point(MP) & effect by 50%', '120000', 'Find: Whirlwind Maze'),
        ('Quadra Magic', 'Support', 'N/A', 'N/A', 'N/A', 'N/A', 'N/A', 'N/A', 'N/A', 'N/A', 'Level 1', 'Use Magic or Summon Materia x4 on random targets (One Use)', '0', 'Find: Materia Cave'),
        ('Quadra Magic', 'Support', 'N/A', 'N/A', 'N/A', 'N/A', 'N/A', 'N/A', 'N/A', 'N/A', 'Level 2', 'Use Magic or Summon Materia x4 on random targets (Two Uses)', '40000', 'Find: Materia Cave'),
        ('Quadra Magic', 'Support', 'N/A', 'N/A', 'N/A', 'N/A', 'N/A', 'N/A', 'N/A', 'N/A', 'Level 3', 'Use Magic or Summon Materia x4 on random targets (Three Uses)', '80000', 'Find: Materia Cave'),
        ('Quadra Magic', 'Support', 'N/A', 'N/A', 'N/A', 'N/A', 'N/A', 'N/A', 'N/A', 'N/A', 'Level 4', 'Use Magic or Summon Materia x4 on random targets (Four Uses)', '120000', 'Find: Materia Cave'),
        ('Quadra Magic', 'Support', 'N/A', 'N/A', 'N/A', 'N/A', 'N/A', 'N/A', 'N/A', 'N/A', 'Level 5', 'Use Magic or Summon Materia x4 on random targets (Five Uses)', '200000', 'Find: Materia Cave'),
        ('Added Effect', 'Support', 'N/A', 'N/A', 'N/A', 'N/A', 'N/A', 'N/A', 'N/A', 'N/A', 'Level 1', 'Adds attack with paired Materia', '0', 'Find: Cave of the Gi'),
        ('Added Effect', 'Support', 'N/A', 'N/A', 'N/A', 'N/A', 'N/A', 'N/A', 'N/A', 'N/A', 'Level 2', 'Adds attack with paired Materia', '200000', 'Find: Cave of the Gi'),
        ('Final Attack', 'Support', 'N/A', 'N/A', 'N/A', 'N/A', 'N/A', 'N/A', 'N/A', 'N/A', 'Level 1', 'Use paired Materia upon K.O. (One Use)', '0', 'Find: Battle Square'),
        ('Final Attack', 'Support', 'N/A', 'N/A', 'N/A', 'N/A', 'N/A', 'N/A', 'N/A', 'N/A', 'Level 2', 'Use paired Materia upon K.O. (Two Uses)', '20000', 'Find: Battle Square'),
        ('Final Attack', 'Support', 'N/A', 'N/A', 'N/A', 'N/A', 'N/A', 'N/A', 'N/A', 'N/A', 'Level 3', 'Use paired Materia upon K.O. (Three Uses)', '40000', 'Find: Battle Square'),
        ('Final Attack', 'Support', 'N/A', 'N/A', 'N/A', 'N/A', 'N/A', 'N/A', 'N/A', 'N/A', 'Level 4', 'Use paired Materia upon K.O. (Four Uses)', '80000', 'Find: Battle Square'),
        ('Final Attack', 'Support', 'N/A', 'N/A', 'N/A', 'N/A', 'N/A', 'N/A', 'N/A', 'N/A', 'Level 5', 'Use paired Materia upon K.O. (Five Uses)', '160000', 'Find: Battle Square'),
        ('Sneak Attack', 'Support', 'N/A', 'N/A', 'N/A', 'N/A', 'N/A', 'N/A', 'N/A', 'N/A', 'Level 1', 'Increase 20% chance of Pre-emptive Strike', '0', 'Find: Gold Saucer'),
        ('Sneak Attack', 'Support', 'N/A', 'N/A', 'N/A', 'N/A', 'N/A', 'N/A', 'N/A', 'N/A', 'Level 2', 'Increase 35% chance of Pre-emptive Strike', '20000', 'Find: Gold Saucer'),
        ('Sneak Attack', 'Support', 'N/A', 'N/A', 'N/A', 'N/A', 'N/A', 'N/A', 'N/A', 'N/A', 'Level 3', 'Increase 50% chance of Pre-emptive Strike', '60000', 'Find: Gold Saucer'),
        ('Sneak Attack', 'Support', 'N/A', 'N/A', 'N/A', 'N/A', 'N/A', 'N/A', 'N/A', 'N/A', 'Level 4', 'Increase 65% chance of Pre-emptive Strike', '100000', 'Find: Gold Saucer'),
        ('Sneak Attack', 'Support', 'N/A', 'N/A', 'N/A', 'N/A', 'N/A', 'N/A', 'N/A', 'N/A', 'Level 5', 'Increase 80% chance of Pre-emptive Strike', '150000', 'Find: Gold Saucer'),
        ('Magic Counter', 'Support', 'N/A', 'N/A', 'N/A', 'N/A', 'N/A', 'N/A', 'N/A', 'N/A', 'Level 1', 'Counter with paired Magic Materia by 30%', '0', 'Find: Gold Saucer, Northern Cave'),
        ('Magic Counter', 'Support', 'N/A', 'N/A', 'N/A', 'N/A', 'N/A', 'N/A', 'N/A', 'N/A', 'Level 2', 'Counter with paired Magic Materia by 40%', '40000', 'Find: Gold Saucer, Northern Cave'),
        ('Magic Counter', 'Support', 'N/A', 'N/A', 'N/A', 'N/A', 'N/A', 'N/A', 'N/A', 'N/A', 'Level 3', 'Counter with paired Magic Materia by 60%', '80000', 'Find: Gold Saucer, Northern Cave'),
        ('Magic Counter', 'Support', 'N/A', 'N/A', 'N/A', 'N/A', 'N/A', 'N/A', 'N/A', 'N/A', 'Level 4', 'Counter with paired Magic Materia by 80%', '160000', 'Find: Gold Saucer, Northern Cave'),
        ('Magic Counter', 'Support', 'N/A', 'N/A', 'N/A', 'N/A', 'N/A', 'N/A', 'N/A', 'N/A', 'Level 5', 'Counter with paired Magic Materia by 100%', '300000', 'Find: Gold Saucer, Northern Cave'),
        ('Counter', 'Support', 'N/A', 'N/A', 'N/A', 'N/A', 'N/A', 'N/A', 'N/A', 'N/A', 'Level 1', 'Counter with paired Command Materia by 30%', '0', 'Find: Gold Saucer, Northern Cave'),
        ('Counter', 'Support', 'N/A', 'N/A', 'N/A', 'N/A', 'N/A', 'N/A', 'N/A', 'N/A', 'Level 2', 'Counter with paired Command Materia by 40%', '40000', 'Find: Gold Saucer, Northern Cave'),
        ('Counter', 'Support', 'N/A', 'N/A', 'N/A', 'N/A', 'N/A', 'N/A', 'N/A', 'N/A', 'Level 3', 'Counter with paired Command Materia by 60%', '80000', 'Find: Gold Saucer, Northern Cave'),
        ('Counter', 'Support', 'N/A', 'N/A', 'N/A', 'N/A', 'N/A', 'N/A', 'N/A', 'N/A', 'Level 4', 'Counter with paired Command Materia by 80%', '120000', 'Find: Gold Saucer, Northern Cave'),
        ('Counter', 'Support', 'N/A', 'N/A', 'N/A', 'N/A', 'N/A', 'N/A', 'N/A', 'N/A', 'Level 5', 'Counter with paired Command Materia by 100%', '200000', 'Find: Gold Saucer, Northern Cave')

        GO

INSERT INTO Independent_Materia (Name, [Type], Strength, Magic, Vitality, Magic_Defense, Max_Health_Points, Max_Mana_Points, Luck, Price, [Level], [Description], Ability_Points, [Location])
    VALUES ('EXP. Plus', 'Attribute', 'N/A', 'N/A', 'N/A', 'N/A', 'N/A', 'N/A', 'N/A', 'N/A', 'Level 1', 'Increases more Experience earned by 50%', '0', 'Find: Gold Saucer'),
        ('EXP. Plus', 'Attribute', 'N/A', 'N/A', 'N/A', 'N/A', 'N/A', 'N/A', 'N/A', 'N/A', 'Level 2', 'Increases more Experience earned by 100%', '80000', 'Find: Gold Saucer'),
        ('EXP. Plus', 'Attribute', 'N/A', 'N/A', 'N/A', 'N/A', 'N/A', 'N/A', 'N/A', 'N/A', 'Level 3', 'N/A', '150000', 'Find: Gold Saucer'),
        ('Gil Plus', 'Attribute', 'N/A', 'N/A', 'N/A', 'N/A', 'N/A', 'N/A', 'N/A', 'N/A', 'Level 1', 'Increases more Gil earned by 50%', '0', 'Find: Gold Saucer'),
        ('Gil Plus', 'Attribute', 'N/A', 'N/A', 'N/A', 'N/A', 'N/A', 'N/A', 'N/A', 'N/A', 'Level 2', 'Increases more Gil earned by 100%', '80000', 'Find: Gold Saucer'),
        ('Gil Plus', 'Attribute', 'N/A', 'N/A', 'N/A', 'N/A', 'N/A', 'N/A', 'N/A', 'N/A', 'Level 3', 'N/A', '150000', 'Find: Gold Saucer'),
        ('HP Plus', 'Attribute', 'N/A', 'N/A', 'N/A', 'N/A', 'N/A', 'N/A', 'N/A', '8000', 'Level 1', 'Increase Max Health Point(HP) by 10%', '0', 'Buy: Cosmo Canyon, Mideel, Find: Junon'),
        ('HP Plus', 'Attribute', 'N/A', 'N/A', 'N/A', 'N/A', 'N/A', 'N/A', 'N/A', '8000', 'Level 2', 'Increase Max Health Point(HP) by 20%', '10000', 'Buy: Cosmo Canyon, Mideel, Find: Junon'),
        ('HP Plus', 'Attribute', 'N/A', 'N/A', 'N/A', 'N/A', 'N/A', 'N/A', 'N/A', '8000', 'Level 3', 'Increase Max Health Point(HP) by 30%', '20000', 'Buy: Cosmo Canyon, Mideel, Find: Junon'),
        ('HP Plus', 'Attribute', 'N/A', 'N/A', 'N/A', 'N/A', 'N/A', 'N/A', 'N/A', '8000', 'Level 4', 'Increase Max Health Point(HP) by 40%', '30000', 'Buy: Cosmo Canyon, Mideel, Find: Junon'),
        ('HP Plus', 'Attribute', 'N/A', 'N/A', 'N/A', 'N/A', 'N/A', 'N/A', 'N/A', '8000', 'Level 5', 'Increase Max Health Point(HP) by 50%', '50000', 'Buy: Cosmo Canyon, Mideel, Find: Junon'),
        ('Luck Plus', 'Attribute', 'N/A', 'N/A', 'N/A', 'N/A', 'N/A', 'N/A', 'N/A', 'N/A', 'Level 1', 'Increases Luck Status by 10%', '0', 'Find: Temple of the Ancients'),
        ('Luck Plus', 'Attribute', 'N/A', 'N/A', 'N/A', 'N/A', 'N/A', 'N/A', 'N/A', 'N/A', 'Level 2', 'Increases Luck Status by 20%', '10000', 'Find: Temple of the Ancients'),
        ('Luck Plus', 'Attribute', 'N/A', 'N/A', 'N/A', 'N/A', 'N/A', 'N/A', 'N/A', 'N/A', 'Level 3', 'Increases Luck Status by 30%', '15000', 'Find: Temple of the Ancients'),
        ('Luck Plus', 'Attribute', 'N/A', 'N/A', 'N/A', 'N/A', 'N/A', 'N/A', 'N/A', 'N/A', 'Level 4', 'Increases Luck Status by 40%', '30000', 'Find: Temple of the Ancients'),
        ('Luck Plus', 'Attribute', 'N/A', 'N/A', 'N/A', 'N/A', 'N/A', 'N/A', 'N/A', 'N/A', 'Level 5', 'Increases Luck Status by 50%', '50000', 'Find: Temple of the Ancients'),
        ('Magic Plus', 'Attribute', 'N/A', 'N/A', 'N/A', 'N/A', 'N/A', 'N/A', 'N/A', 'N/A', 'Level 1', 'Increases Magic Status by 10%', '0', 'Find: Forgotten Capital'),
        ('Magic Plus', 'Attribute', 'N/A', 'N/A', 'N/A', 'N/A', 'N/A', 'N/A', 'N/A', 'N/A', 'Level 2', 'Increases Magic Status by 20%', '10000', 'Find: Forgotten Capital'),
        ('Magic Plus', 'Attribute', 'N/A', 'N/A', 'N/A', 'N/A', 'N/A', 'N/A', 'N/A', 'N/A', 'Level 3', 'Increases Magic Status by 30%', '20000', 'Find: Forgotten Capital'),
        ('Magic Plus', 'Attribute', 'N/A', 'N/A', 'N/A', 'N/A', 'N/A', 'N/A', 'N/A', 'N/A', 'Level 4', 'Increases Magic Status by 40%', '30000', 'Find: Forgotten Capital'),
        ('Magic Plus', 'Attribute', 'N/A', 'N/A', 'N/A', 'N/A', 'N/A', 'N/A', 'N/A', 'N/A', 'Level 5', 'Increases Magic Status by 50%', '50000', 'Find: Forgotten Capital'),
        ('MP Plus', 'Attribute', 'N/A', 'N/A', 'N/A', 'N/A', 'N/A', 'N/A', 'N/A', '8000', 'Level 1', 'Increases Max Mana Point(MP) by 10%', '0', 'Buy: Cosmo Canyon, Mideel'),
        ('MP Plus', 'Attribute', 'N/A', 'N/A', 'N/A', 'N/A', 'N/A', 'N/A', 'N/A', '8000', 'Level 2', 'Increases Max Mana Point(MP) by 20%', '10000', 'Buy: Cosmo Canyon, Mideel'),
        ('MP Plus', 'Attribute', 'N/A', 'N/A', 'N/A', 'N/A', 'N/A', 'N/A', 'N/A', '8000', 'Level 3', 'Increases Max Mana Point(MP) by 30%', '20000', 'Buy: Cosmo Canyon, Mideel'),
        ('MP Plus', 'Attribute', 'N/A', 'N/A', 'N/A', 'N/A', 'N/A', 'N/A', 'N/A', '8000', 'Level 4', 'Increases Max Mana Point(MP) by 40%', '30000', 'Buy: Cosmo Canyon, Mideel'),
        ('MP Plus', 'Attribute', 'N/A', 'N/A', 'N/A', 'N/A', 'N/A', 'N/A', 'N/A', '8000', 'Level 5', 'Increases Max Mana Point(MP) by 50%', '50000', 'Buy: Cosmo Canyon, Mideel'),
        ('Speed Plus', 'Attribute', 'N/A', 'N/A', 'N/A', 'N/A', 'N/A', 'N/A', 'N/A', 'N/A', 'Level 1', 'Increases Dexterity Status by 10%', '0', 'Find: Gold Saucer'),
        ('Speed Plus', 'Attribute', 'N/A', 'N/A', 'N/A', 'N/A', 'N/A', 'N/A', 'N/A', 'N/A', 'Level 2', 'Increases Dexterity Status by 20%', '10000', 'Find: Gold Saucer'),
        ('Speed Plus', 'Attribute', 'N/A', 'N/A', 'N/A', 'N/A', 'N/A', 'N/A', 'N/A', 'N/A', 'Level 3', 'Increases Dexterity Status by 30%', '15000', 'Find: Gold Saucer'),
        ('Speed Plus', 'Attribute', 'N/A', 'N/A', 'N/A', 'N/A', 'N/A', 'N/A', 'N/A', 'N/A', 'Level 4', 'Increases Dexterity Status by 40%', '30000', 'Find: Gold Saucer'),
        ('Speed Plus', 'Attribute', 'N/A', 'N/A', 'N/A', 'N/A', 'N/A', 'N/A', 'N/A', 'N/A', 'Level 5', 'Increases Dexterity Status by 50%', '50000', 'Find: Gold Saucer'),
        ('HP <=> MP', 'Attribute', 'N/A', 'N/A', 'N/A', 'N/A', 'N/A', 'N/A', 'N/A', 'N/A', 'Level 1', 'Switch Max Health Point(HP) and Max Mana Point(MP)', '0', 'Find: Materia Cave'),
        ('HP <=> MP', 'Attribute', 'N/A', 'N/A', 'N/A', 'N/A', 'N/A', 'N/A', 'N/A', 'N/A', 'Level 2', 'N/A', '80000', 'Find: Materia Cave'),
        ('Chocobo Lure', 'Field', 'N/A', 'N/A', 'N/A', 'N/A', 'N/A', 'N/A', '+1', 'N/A', 'Level 1', 'Encounter Chocobo by 15% Faster', '0', 'Buy: Chocobo Farm, Find: Chocobo Farm'),
        ('Chocobo Lure', 'Field', 'N/A', 'N/A', 'N/A', 'N/A', 'N/A', 'N/A', '+1', 'N/A', 'Level 2', 'Encounter Chocobo by 30% Faster', '3000', 'Buy: Chocobo Farm, Find: Chocobo Farm'),
        ('Chocobo Lure', 'Field', 'N/A', 'N/A', 'N/A', 'N/A', 'N/A', 'N/A', '+1', 'N/A', 'Level 3', 'Encounter Chocobo by 60% Faster', '10000', 'Buy: Chocobo Farm, Find: Chocobo Farm'),
        ('Chocobo Lure', 'Field', 'N/A', 'N/A', 'N/A', 'N/A', 'N/A', 'N/A', '+1', 'N/A', 'Level 4', 'Encounter Chocobo by 90% Faster', '30000', 'Buy: Chocobo Farm, Find: Chocobo Farm'),
        ('Enemy Away', 'Field', 'N/A', 'N/A', 'N/A', 'N/A', 'N/A', 'N/A', '+1', 'N/A', 'Level 1', 'Decrease enemies encounter by 25%', '0', 'Find: Gold Saucer'),
        ('Enemy Away', 'Field', 'N/A', 'N/A', 'N/A', 'N/A', 'N/A', 'N/A', '+1', 'N/A', 'Level 2', 'Decrease enemies encounter by 50%', '8000', 'Find: Gold Saucer'),
        ('Enemy Away', 'Field', 'N/A', 'N/A', 'N/A', 'N/A', 'N/A', 'N/A', '+1', 'N/A', 'Level 3', 'N/A', '50000', 'Find: Gold Saucer'),
        ('Enemy Lure', 'Field', 'N/A', 'N/A', 'N/A', 'N/A', 'N/A', 'N/A', '-1', 'N/A', 'Level 1', 'Increase enemies encounter by 1.5x', '0', 'Find: Gold Saucer'),
        ('Enemy Lure', 'Field', 'N/A', 'N/A', 'N/A', 'N/A', 'N/A', 'N/A', '-1', 'N/A', 'Level 2', 'Increase enemies encounter by 2.0x', '8000', 'Find: Gold Saucer'),
        ('Enemy Lure', 'Field', 'N/A', 'N/A', 'N/A', 'N/A', 'N/A', 'N/A', '-1', 'N/A', 'Level 3', 'N/A', '50000', 'Find: Gold Saucer'),
        ('Counter Attack', 'Battle', 'N/A', 'N/A', 'N/A', 'N/A', 'N/A', 'N/A', 'N/A', 'N/A', 'Level 1', 'Character Counter by 20% when attacked', '0', 'Find: Mt. Nibel, Gold Saucer'),
        ('Counter Attack', 'Battle', 'N/A', 'N/A', 'N/A', 'N/A', 'N/A', 'N/A', 'N/A', 'N/A', 'Level 2', 'Character Counter by 40% wheen attacked', '10000', 'Find: Mt. Nibel, Gold Saucer'),
        ('Counter Attack', 'Battle', 'N/A', 'N/A', 'N/A', 'N/A', 'N/A', 'N/A', 'N/A', 'N/A', 'Level 3', 'Character Counter by 60% when attacked', '20000', 'Find: Mt. Nibel, Gold Saucer'),
        ('Counter Attack', 'Battle', 'N/A', 'N/A', 'N/A', 'N/A', 'N/A', 'N/A', 'N/A', 'N/A', 'Level 4', 'Character Counter by 80% when attacked', '50000', 'Find: Mt. Nibel, Gold Saucer'),
        ('Counter Attack', 'Battle', 'N/A', 'N/A', 'N/A', 'N/A', 'N/A', 'N/A', 'N/A', 'N/A', 'Level 5', 'Character Counter by 100% when attacked', '100000', 'Find: Mt. Nibel, Gold Saucer'),
        ('Cover', 'Battle', 'N/A', 'N/A', 'N/A', 'N/A', 'N/A', 'N/A', 'N/A', '1000', 'Level 1', 'Character Covers for ally by 20% of the time', '0', 'Find: Sector 5: Church, Buy: Wall Market'),
        ('Cover', 'Battle', 'N/A', 'N/A', 'N/A', 'N/A', 'N/A', 'N/A', 'N/A', '1000', 'Level 2', 'Character Covers for ally by 40% of the time', '2000', 'Find: Sector 5: Church, Buy: Wall Market'),
        ('Cover', 'Battle', 'N/A', 'N/A', 'N/A', 'N/A', 'N/A', 'N/A', 'N/A', '1000', 'Level 3', 'Character Covers for ally by 60% of the time', '10000', 'Find: Sector 5: Church, Buy: Wall Market'),
        ('Cover', 'Battle', 'N/A', 'N/A', 'N/A', 'N/A', 'N/A', 'N/A', 'N/A', '1000', 'Level 4', 'Character Covers for ally by 80% of the time', '25000', 'Find: Sector 5: Church, Buy: Wall Market'),
        ('Cover', 'Battle', 'N/A', 'N/A', 'N/A', 'N/A', 'N/A', 'N/A', 'N/A', '1000', 'Level 5', 'Character Covers for ally by 100% of the time', '40000', 'Find: Sector 5: Church, Buy: Wall Market'),
        ('Long Range', 'Battle', 'N/A', 'N/A', 'N/A', 'N/A', 'N/A', 'N/A', 'N/A', 'N/A', 'Level 1', 'Close Range Weapon functions as Long Range Weapon', '0', 'Find: Mythril Mine'),
        ('Long Range', 'Battle', 'N/A', 'N/A', 'N/A', 'N/A', 'N/A', 'N/A', 'N/A', 'N/A', 'Level 2', 'N/A', '80000', 'Find: Mythril Mine'),
        ('Mega All', 'Battle', 'N/A', 'N/A', 'N/A', 'N/A', 'N/A', 'N/A', 'N/A', 'N/A', 'Level 1', 'All Commands and Magic target entire group (Magic 1x)', '0', 'Find: Northern Cave'),
        ('Mega All', 'Battle', 'N/A', 'N/A', 'N/A', 'N/A', 'N/A', 'N/A', 'N/A', 'N/A', 'Level 2', 'All Commands and Magic target entire group (Magic 2x)', '10000', 'Find: Northern Cave'),
        ('Mega All', 'Battle', 'N/A', 'N/A', 'N/A', 'N/A', 'N/A', 'N/A', 'N/A', 'N/A', 'Level 3', 'All Commands and Magic target entire group (Magic 3x)', '50000', 'Find: Northern Cave'),
        ('Mega All', 'Battle', 'N/A', 'N/A', 'N/A', 'N/A', 'N/A', 'N/A', 'N/A', 'N/A', 'Level 4', 'All Commands and Magic target entire group (Magic 4x)', '80000', 'Find: Northern Cave'),
        ('Mega All', 'Battle', 'N/A', 'N/A', 'N/A', 'N/A', 'N/A', 'N/A', 'N/A', 'N/A', 'Level 5', 'All Commands and Magic target entire group (Magic 5x)', '160000', 'Find: Northern Cave'),
        ('Pre-Emptive', 'Battle', 'N/A', 'N/A', 'N/A', 'N/A', 'N/A', 'N/A', 'N/A', 'N/A', 'Level 1', 'Increases chance of Pre-Emptive by 5%', '0', 'Find: Gold Saucer'),
        ('Pre-Emptive', 'Battle', 'N/A', 'N/A', 'N/A', 'N/A', 'N/A', 'N/A', 'N/A', 'N/A', 'Level 2', 'Increases chance of Pre-Emptive by 8%', '8000', 'Find: Gold Saucer'),
        ('Pre-Emptive', 'Battle', 'N/A', 'N/A', 'N/A', 'N/A', 'N/A', 'N/A', 'N/A', 'N/A', 'Level 3', 'Increases chance of Pre-Emptive by 10%', '20000', 'Find: Gold Saucer'),
        ('Pre-Emptive', 'Battle', 'N/A', 'N/A', 'N/A', 'N/A', 'N/A', 'N/A', 'N/A', 'N/A', 'Level 4', 'Increases chance of Pre-Emptive by 15%', '40000', 'Find: Gold Saucer'),
        ('Pre-Emptive', 'Battle', 'N/A', 'N/A', 'N/A', 'N/A', 'N/A', 'N/A', 'N/A', 'N/A', 'Level 5', 'Increases chance of Pre-Emptive by 20%', '80000', 'Find: Gold Saucer'),
        ('Underwater', 'Battle', 'N/A', 'N/A', 'N/A', 'N/A', 'N/A', 'N/A', 'N/A', 'N/A', 'Level 1', 'Breathe underwater', '0', 'Find: Kalm')

        GO

INSERT INTO Enemies (Name, [Level], Enemy_Skill, Health_Points, Mana_Points, Ability_Points, Experience_Points, Gil, Weakness, Item_Drop, Item_Steal, Morph, [Location])
    VALUES ('Military Police', '2', 'N/A', '30', '0', '2', '16', '10', 'N/A', 'Potion', 'Grenade', 'Potion', 'Find: Reactor 1, Sector 5: Church'),
        ('Mono Drive', '2', 'N/A', '28', '28', '3', '18', '8', 'Wind', 'Potion', 'Ether', 'Ether', 'Find: Reactor 1'),
        ('Guard Hound', '3', 'N/A', '42', '0', '2', '20', '12', 'N/A', 'Potion', 'Potion', 'Potion', 'Find: Reactor 1'),
        ('1st Ray', '4', 'N/A', '18', '0', '1', '12', '5', 'Lightning', 'N/A', 'N/A', 'Potion', 'Find: Sector 1'),
        ('Grunt', '7', 'N/A', '40', '0', '2', '22', '15', 'N/A', 'Potion', 'Grenade', 'Potion', 'Find: Reactor 1'),
        ('Sweeper', '8', 'N/A', '140', '0', '3', '27', '30', 'Lightning', 'N/A', 'N/A', 'Potion', 'Find: Reactor 1'),
        ('Blugu', '4', 'N/A', '120', '0', '2', '18', '35', 'Lightning, Wind', 'Potion', 'Eye Drop', 'Potion', 'Find: Reactor 5'),
        ('Proto Machinegun', '4', 'N/A', '100', '0', '2', '16', '16', 'Lightning', 'N/A', 'N/A', 'Potion', 'Find: Reactor 5'),
        ('Rocket Launcher', '5', 'N/A', '50', '0', '3', '13', '7', 'Lightning', 'N/A', 'N/A', 'Potion', 'Find: Winding Tunnel'),
        ('Chuse Tank', '6', 'N/A', '36', '2', '0', '23', '30', 'N/A', 'Potion', 'Potion', 'Potion', 'Find: Sector 5'),
        ('Grashtrike', '8', 'N/A', '42', '0', '2', '20', '20', 'N/A', 'Spider Web', 'Spider Web', 'Spider Web', 'Find: Train Tunnel'),
        ('Blood Taste', '8', 'N/A', '72', '0', '2', '24', '32', 'N/A', 'Antidote', 'Eye Drop', 'Potion', 'Find: Reactor 2'),
        ('Smogger', '8', 'N/A', '90', '0', '3', '32', '60', 'N/A', 'Deadly Waste', 'Smoke Bomb', 'Hi-Potion', 'Find: Reactor 5'),
        ('Special Combatant', '9', 'N/A', '60', '0', '3', '28', '40', 'N/A', 'Antidote, Grenade', 'Eye Drop', 'Hi-Potion', 'Find Reactor 5'),
        ('Hedgehog Pie', '6', 'N/A', '50', '52', '3', '20', '25', 'Ice', 'Potion', 'Ether', 'Ether', 'Find: Sector 5'),
        ('Vice', '7', 'N/A', '68', '0', '3', '24', '80', 'N/A', 'Potion', 'Speed Drink', 'Potion', 'Find: Sector 5'),
        ('Corneo Lackey', '8', 'N/A', '42', '0', '0', '8', '10', 'N/A', 'N/A', 'N/A', 'Potion', 'Find: Corneo Mansion'),
        ('Ceaser', '8', 'N/A', '120', '0', '2', '23', '55', 'Ice', 'Potion, Tranquilizer', 'Tranquilizer', 'Potion', 'Find: Midgar Sewers'),
        ('Whole Eater', '9', 'N/A', '72', '0', '2', '24', '70', 'N/A', 'N/A', 'Potion', 'Potion', 'Find: Sector 5, Reactor 5'),
        ('Sahagin', '10', 'N/A', '150', '0', '3', '30', '89', 'N/A', 'Potion, Hyper', 'Hyper', 'Potion', 'Find: Midgar Sewers'),
        ('Scotch', '11', 'N/A', '150', '0', '0', '22', '60', 'N/A', 'N/A', 'N/A', 'Potion', 'Find: Corneo Mansion'),
        ('Hell House', '11', 'N/A', '450', '0', '6', '44', '250', 'N/A', 'Potion', 'N/A', 'Potion', 'Find: Sector 5'),
        ('Cripshay', '8', 'N/A', '100', '0', '3', '26', '53', 'N/A', 'Potion', 'Potion', 'Potion', 'Find: Train Graveyard'),
        ('Deenglow', '10', 'N/A', '120', '0', '4', '35', '70', 'Wind', 'Graviball', 'Ether', 'Phoenix Down', 'Find: Traing Graveyard'),
        ('Ghost', '10', 'N/A', '130', '80', '3', '30', '22', 'Fire, Holy, Cure', 'Ghost Hand', 'Ghost Hand', 'Ether', 'Find: Train Graveyard'),
        ('Aero Combatant', '11', 'N/A', '190', '0', '4', '40', '110', 'Gravity, Wind', 'Potion', 'Potion', 'Potion', 'Find: Sector 7 Pillar'),
        ('Eligor', '12', 'N/A', '300', '0', '4', '36', '120', 'N/A', 'Echo Screen', 'Striking Staff', 'Mute Mask', 'Find: Train Graveyard'),
        ('Machine Gun', '8', 'N/A', '155', '0', '0', '5', '0', 'Lightning', 'N/A', 'N/A', 'Hi-Potion', 'Find: Shinra HQ'),
        ('Laser Cannon', '8', 'N/A', '155', '0', '0', '5', '0', 'Lightning', 'N/A', 'N/A', 'Hi-Potion', 'Find: Shinra HQ'),
        ('Vargid Police', '9', 'N/A', '140', '28', '7', '44', '40', 'N/A', 'Phoenix Down', 'Tranquilizer', 'Tranquilizer', 'Find: Shinra HQ'),
        ('Grenade Combatant', '10', 'N/A', '130', '0', '4', '42', '72', 'N/A', 'Grenade', 'Tranquilizer', 'Grenade', 'Find: Shinra HQ'),
        ('Sword Dance', '11',' N/A', '160', '0', '6', '39', '90', 'Confusion', 'Loco Weed', 'Hyper', 'Light Curtain', 'Find: Shinra HQ'),
        ('Mighty Grunt', '12', 'N/A', '230', '0', '5', '50', '98', 'N/A', 'Tranquilizer', 'Tranquilizer', 'N/A', 'Find: Shinra HQ'),
        ('Hammer Blaster', '12', 'N/A', '210', '0', '5', '43', '80', 'Lightning', 'Loco Weed', 'Echo Screen', 'Smoke Bomb', 'Find: Shinra HQ'),
        ('Warning Board', '12', 'N/A', '270', '0', '4', '38', '75', 'N/A', 'N/A', 'N/A', 'N/A', 'Find: Shinra HQ'),
        ('Moth Slasher', '13', 'N/A', '260', '0', '5', '46', '75', 'Lightning', 'N/A', 'Carbon Bangle', 'N/A', 'Find: Shinra HQ'),
        ('SOLDIER:3rd', '13', 'N/A', '260', '40', '6', '54', '116', 'Fire, Confusion', 'Loco Weed', 'Hardedge', 'Bolt Plume', 'Find: Shinra HQ'),
        ('Brain Pod', '15', 'N/A', '240', '46', '6', '52', '95', 'Holy, Cure', 'Deadly Waste', 'Antidote', 'Deadly Waste', 'Find: Shinra HQ'),
        ('Zenene', '14', 'N/A', '250', '93', '6', '58', '60', 'Holy, Cure', 'Ether', 'Deadly Waste', 'Remedy', 'Find: Shinra HQ'),
        ('Kalm Fang', '10', 'N/A', '160', '0', '5', '53', '92', 'Fire', 'Potion', 'Ether', 'Hi-Potion', 'Find: Midgar Area'),
        ('Mandragora', '10', 'N/A', '120', '0', '6', '55', '135', 'N/A', 'Lasan Nut', 'Lasan Nut', 'Ether', 'Find: Chocobo Ranch'),
        ('Prowler', '12', 'N/A', '150', '0', '5', '55', '160', 'N/A', 'Potion', 'Ether', 'Hi-Potion', 'Find: Midgar Area'),
        ('Mu', '12', 'N/A', '210', '52', '6', '54', '130', 'N/A', 'Hi-Potion', 'N/A', 'N/A', 'Find: Chocobo Ranch'),
        ('Devil Ride', '13', 'N/A', '240', '0', '6', '60', '100', 'N/A', 'Potion', 'Hi-Potion', 'Hi-Potion', 'Find: Midgar Area'),
        ('Levrikon', '14', 'N/A', '200', '0', '7', '65', '128', 'N/A', 'Hi-Potion', 'Ether', 'Hi-Potion', 'Find: Chocobo Ranch'),
        ('Elfadunk', '14', 'N/A', '220', '34', '7', '64', '140', 'N/A', 'Potion', 'Hi-Potion', 'N/A', 'Find: Chocobo Ranch'),
        ('Custom Sweeper', '15', 'Matra Magic', '300', '100', '7', '63', '120', 'Lightning', 'Potion', 'Atomic Scissors', 'X-Potion', 'Find: Midgar Area'),
        ('Crawler', '15', 'N/A', '140', '48', '6', '56', '65', 'Earth', 'Hi-Potion', 'N/A', 'N/A', 'Find: Mythril Mines'),
        ('Castanets', '15', 'N/A', '190', '0', '7', '65', '113', 'Fire', 'Hi-Potion', 'N/A', 'N/A', 'Find: Mythril Mines'),
        ('Madouge', '16', 'N/A', '220', '0', '8', '70', '150', 'N/A', 'Hi-Potion', 'Grand Glove', 'Hi-Potion', 'Find: Mythril Mines'),
        ('Ark Dragon', '18', 'Flame Thrower', '280', '124', '10', '84', '180', 'Wind', 'Phoenix Down, Ether', 'Ether', 'Phoenix Down', 'Find: Mythril Mines'),
        ('Capparwire', '15', 'N/A', '210', '20', '6', '60', '103', 'N/A', 'Potion', 'Ether', 'N/A', 'Find: Junon Forest'),
        ('Scrutin Eye', '15', 'N/A', '240', '60', '8', '80', '120', 'Wind', 'Ether', 'Ether', 'Turbo Ether', 'Find: Shinra Cargo Ship'),
        ('Nerosuferoth', '16', 'N/A', '150', '20', '5', '53', '146', 'N/A', 'Hi-Potion', 'N/A', 'N/A', 'Find: Junon Area'),
        ('Formula', '16', 'N/A', '240', '100', '7', '65', '120', 'Wind', 'Hi-Potion', 'Boomerang', 'Speed Drink', 'Find: Junon Area'),
        ('Marine', '16', 'N/A', '300', '20', '8', '75', '150', 'N/A', 'Eye Drop', 'Shinra Beta', 'X-Potion', 'Find: Shinra Cargo Ship'),
        ('Zemzelett', '17', 'White Wind', '285', '36', '7', '70', '165', 'Wind', 'Hi-Potion', 'N/A', 'Hi-Potion', 'Find: Junon Area'),
        ('Hell Rider VR2', '18', 'N/A', '350', '50', '8', '72', '130', 'N/A', 'Potion', 'Hi-Potion', 'Hi-Potion', 'Find: Junon Area'),
        ('Mystery Ninja', '22', 'N/A', '800', '150', '20', '160', '40', 'N/A', 'N/A', 'N/A', 'N/A', 'Find: Junon Area'),
        ('Grangalan Jr. Jr.', '14', 'N/A', '110', '20', '6', '66', '55', 'N/A', 'Potion', 'N/A', 'N/A', 'Find: Costa del Sol Area'),
        ('Grangalan Jr.', '15', 'N/A', '330', '40', '8', '77', '110', 'N/A', 'Hi-Potion', 'N/A', 'N/A', 'Find: Costa del Sol Area'),
        ('Grangalan', '16', 'N/A', '550', '60', '10', '88', '220', 'N/A', 'Hi-Potion', 'N/A', 'N/A', 'Find: Costa del Sol Area'),
        ('Beachplug' ,'16', 'N/A', '200', '100', '10', '95', '155', 'N/A', 'Hi-Potion', 'N/A', 'Turbo Ether', 'Find: Costa del Sol, Gold Saucer'),
        ('Search Crown', '16', 'N/A', '150', '30', '8', '80', '111', 'N/A', 'Hi-Potion', 'Turbo Ether', 'Hi-Potion', 'Find: Mt. Corel'),
        ('Bagnarada', '16', 'N/A', '450', '60', '11', '110', '120', 'Ice', 'Hi-Potion', 'Diamond Pin', 'Guard Source', 'Find: Mt. Corel'),
        ('Needle Kiss', '17', 'N/A', '180', '40', '8', '75', '130', 'Wind', 'Bolt Plume', 'Soft', 'Remedy', 'Find: Mt. Corel'),
        ('Cockatrice (Cokatolis)', '17', 'N/A', '420', '0', '10', '97', '163', 'N/A', 'Soft', 'Soft', 'Soft', 'Find: Mt. Corel'),
        ('Spencer', '17', 'N/A', '250', '0', '11', '110', '175', 'N/A', 'Saraha Nut', 'Saraha Nut', 'N/A', 'Find: Gold Saucer'),
        ('Bandit', '17', 'N/A', '360', '0', '10', '99', '220', 'N/A', 'Tent', 'X-Potion', 'Hi-Potion', 'Find: Corel Prison'),
        ('Bloatfloat', '18', 'N/A', '240', '0', '9', '90', '125', 'Wind', 'Hi-Potion', 'Soft', 'Hi-Potion', 'Find: Mt. Corel'),
        ('Flapbeat', '18', 'N/A', '330', '60', '15', '140', '186', 'Wind', 'T/S Bomb', 'T/S Bomb', 'T/S Bomb', 'Find: Gold Saucer'),
        ('Joker', '18', 'N/A', '370', '0', '30', '150', '260', 'Wind', 'Hi-Potion', 'N/A', 'N/A', 'Find: Gold Saucer'),
        ('Bomb', '18', 'N/A', '600', '30', '20', '150', '192', 'N/A', 'Shrapnel', 'Right Arm', 'Shrapnel', 'Find: Mt. Corel Bridge'),
        ('Harpy', '18', 'N/A', '800', '14', '200', '148', '210', 'N/A', 'Hi-Potion', 'Striking Staff', 'Elixer', 'Find: Gold Saucer Desert'),
        ('2-Faced', '18', 'N/A', '330', '80', '10', '100', '156', 'N/A', 'Hi-Potion', 'Phoenix Down', 'Hi-Potion', 'Find: Corel Prison'),
        ('Death Claw', '19', 'N/A', '400', '120', '10', '96', '168', 'N/A', 'Hi-Potion', 'Platinum Bangle', 'Hi-Potion', 'Find: Corel Prison'),
        ('Bullmotor', '19', 'N/A', '420', '96', '9', '92', '140', 'N/A', 'Ether', 'X-Potion', 'Turbo Ether', 'Find: Corel Prison'),
        ('Cactuar', '20', 'N/A', '200', '20', '1', '1', '10000', 'N/A', 'N/A', 'N/A', 'Hi-Potion', 'Find: Corel Prison Desert'),
        ('Land Worm', '22', 'N/A', '1500', '80', '40', '400', '256', 'Ice', 'Ether', 'Turbo Ether', 'Fire Fang', 'Find: Corel Desert'),
        ('Touch Me' ,'18', 'N/A', '300', '74', '23', '170', '180', 'N/A', 'Maiden Kiss', 'Impaler', 'Remedy', 'Find: Gongaga Jungle'),
        ('Grand Horn', '19', 'N/A', '460', '43', '15', '180', '240', 'N/A', 'War Gong, Hi-Potion', 'N/A', 'Hi-Potion', 'Find: Cosmo Canyon, Gongaga Area'),
        ('Gagighandi', '19', 'N/A', '480', '55', '18', '173', '220', 'N/A', 'Soft', 'Soft', 'Remedy', 'Find: Gongaga Area'),
        ('Kimara Bug', '19', 'N/A', '700', '19', '25', '190', '278', 'N/A', 'Hi-Potion', 'Spider Web', 'Hourglass', 'Find: Gongaga Jungle'),
        ('Flower Prong', '19', 'N/A', '550', '68', '24', '240', '400', 'Fire, Earth', 'Earth Drum', 'N/A', 'N/A', 'Find: Gongaga Jungle'),
        ('Heavy Tank', '21', 'N/A', '1600', '25', '45', '340', '1300', 'N/A', 'Hi-Potion', 'Phoenix Down', 'Power Source', 'Find: Gongaga Area'),
        ('Bagrisk (Vagrisk)', '19', 'N/A', '400', '50', '30', '240', '275', 'N/A', 'Soft', 'Soft, Vagyrisk Claw', 'Remedy', 'Find: Cosmo Canyon Forest'),
        ('Crown Lance', '20', 'N/A', '440', '70', '23', '225', '400', 'Fire', 'Hi-Potion', 'N/A', 'Dream Powder', 'Find: Cosmo Canyon, Rocket Town, Nibelheim Beaches'),
        ('Desert Sahagin', '20', 'N/A', '580', '0', '21', '230', '300', 'Ice', 'Potion', 'Potion', 'Fire Veil', 'Find: Cosmo Canyon Area'),
        ('Skeeskee', '20', 'N/A', '540', '0', '22', '222', '222', 'N/A', 'Hyper', 'Tranquilizer', 'Hyper', 'Find: Cosmo Canyon Area'),
        ('Griffin', '21', 'N/A', '760', '40', '25', '260', '350', 'N/A', 'Phoenix Down', 'Phoenix Down', 'Phoenix Down', 'Find: Corel Prison Desert'),
        ('Sneaky Step', '21', 'N/A', '600', '65', '24', '270', '330', 'N/A', 'M-Tentacles', 'N/A', 'Ghost Hand', 'Find: Cave of the Gi'),
        ('Heg', '22', 'N/A', '400', '0', '20', '250', '240', 'Ice', 'Hi-Potion', 'N/A', 'N/A', 'Find: Cave of the Gi'),
        ('Gi Spector', '23', 'N/A', '450', '88', '20', '260', '150', 'Fire, Holy, Cure', 'Smoke Bomb', 'N/A', 'Ghost Hand', 'Find: Cave of the Gi'),
        ('Golem', '24', 'N/A', '1000', '0', '22', '300', '500', 'N/A', 'Hi-Potion', 'Turbo Ether', 'N/A', 'Find: Cosmo Canyon'),
        ('Stinger', '25', 'N/A', '2200', '60', '25', '290', '350', 'N/A', 'Hi-Potion', 'Ether', 'N/A', 'Find: Cave of the Gi'),
        ('Dorky Face', '23', 'N/A', '520', '80', '35', '300', '202', 'N/A', 'Phoenix Down', 'Echo Screen', 'Mute Mask', 'Find: Shinra Mansion'),
        ('Bahba Velamyu', '23', 'N/A', '640', '40', '20', '285', '280', 'N/A', 'N/A', 'Mute Mask', 'Mute Mask', 'Find: Nibelheim Area'),
        ('Nibel Wolf', '23', 'N/A', '700', '0', '24', '265', '260', 'N/A', 'Luchile Nut', 'Luchile Nut', 'Hi-Potion', 'Find: Nibelheim Area'),
        ('Mirage', '24', 'N/A', '570', '0', '22', '290', '280', 'N/A', 'Mirror', 'N/A', 'N/A', 'Find: Shinra Mansion'),
        ('Battery Cap', '24', 'N/A', '640', '58', '32', '270', '286', 'N/A', 'Eye Drop', 'Dazers', 'N/A', 'Find: Rocket Town'),
        ('Kyuvilduns', '24', 'N/A', '800', '0', '34', '340', '368', 'Fire', 'Hi-Potion', 'N/A', 'Hi-Potion', 'Find: Mt. Nibel'),
        ('Valron', '24', 'N/A', '950', '80', '30', '300', '300', 'N/A', 'Hi-Potion', 'N/A', 'Hi-Potion', 'Find: Nibelheim, Rocket Town Area'),
        ('Ying', '24', 'N/A', '1200', '0', '30', '400', '400', 'N/A', 'N/A', 'N/A', 'N/A', 'Find: Shinra Mansion Basement'),
        ('Yang', '24', 'N/A', '1200', '220', '30', '400' ,'400', 'N/A', 'N/A', 'N/A', 'N/A', 'Find: Shinra Mansion Basement'),
        ('Twin Brain', '25', 'N/A', '800', '20', '34', '340', '368', 'Fire', 'Ether', 'Ether', 'Turbo Ether', 'Find: Mt. Nibel'),
        ('Jersey', '25', 'N/A', '500', '100', '30', '320', '384', 'N/A', 'Turbo Ether', 'Turbo Ether', 'N/A', 'Find: Shinra Mansion'),
        ('Black Bat', '25', 'N/A', '550', '0', '24', '270', '80', 'Wind, Holy, Cure', 'Vampire Fang', 'N/A', 'Vampire Fang', 'Find: Shinra Mansion'),
        ('Sonic Speed', '26', 'N/A', '750', '50', '28', '370', '330', 'Wind', 'Hi-Potion', 'Ether', 'Speed Drink', 'Find: Mt. Nibel'),
        ('Screamer', '26', 'N/A', '800', '40', '33', '400', '400', 'N/A', 'Earth Drum', 'N/A', 'Power Source', 'Find: Mt. Nibel'),
        ('Velcher Task', '26', 'N/A', '900', '28', '31', '320', '350', 'N/A', 'Hi-Potion', 'Remedy', 'Remedy', 'Find: Rocket Town Area'),
        ('Ghirofelgo', '26', 'N/A', '1600', '0', '44', '380', '300', 'Gravity', 'Phoenix Down', 'N/A', 'N/A', 'Find: Shinra Mansion'),
        ('Zuu', '27', 'N/A', '1200', '40', '38', '700', '700', 'Wind', 'Bird Wing', 'Bird Wing', 'Bird Wing', 'Find: Mt. Nibel'),
        ('Dragon', '32', 'Flame Thrower', '3500', '250', '110', '900', '1400', 'N/A', 'Fire Fang', 'Gold Armlet', 'N/A', 'Find: Mt. Nibel'),
        ('Attack Squad', '34', 'N/A', '1300', '100', '10', '300', '420', 'N/A', 'S-Mine', '8-Inch Cannon', 'N/A', 'Find: Various Area'),
        ('Jemnezmy', '24', 'N/A', '800', '80', '50', '510', '400', 'N/A', 'N/A', 'N/A', 'N/A', 'Find: Temple of the Ancients'),
        ('Toxic Frog', '26', 'Frog Song', '500', '100', '30', '420', '260', 'Ice', 'Impaler', 'Impaler', 'Impaler', 'Find: Temple of the Ancients'),
        ('Slaps', '29', 'N/A', '900', '50', '30', '370', '450', 'Wind', 'Hi-Potion', 'N/A', 'Hyper', 'Find: Ancient Temple Forest'),
        ('Under Lizard', '29', 'N/A', '1400', '140', '45', '440', '420', 'N/A', 'Remedy', 'Remedy', 'Remedy', 'Find: Temple of the Ancients'),
        ('8 Eye', '30', 'N/A', '500', '220', '100', '1000', '720', 'N/A', 'Magic Source', 'N/A', 'N/A', 'Find: Temple of the Ancients'),
        ('Kelzmelzer', '30', 'N/A', '800', '0', '35', '410', '400', 'N/A', 'Potion', 'Antidote', 'Antidote', 'Find: Temple of the Ancients'),
        ('Tonadu', '30', 'N/A', '1600', '0', '45', '600', '600', 'Wind', 'Bird Wing', 'Bird Wing', 'N/A', 'Find: Corel Area'),
        ('Dual Horn', '30', 'N/A', '2500', '0', '45', '550', '500', 'N/A', 'Pepio Nut', 'Pepio Nut', 'N/A', 'Find: Temple of the Ancients'),
        ('Ancient Dragon', '34', 'N/A', '2400', '450', '80', '800', '800', 'Gravity, Wind', 'Turbo Ether', 'N/A', 'N/A', 'Find: Temple of the Ancients'),
        ('Doorbull', '35', 'N/A', '2800', '160', '50', '760', '680', 'N/A', 'Hi-Potion', 'Hi-Potion', 'N/A', 'Find: Temple of the Ancients'),
        ('Foulander', '27', 'N/A', '800', '100', '34', '440', '460', 'N/A', 'Lunar Curtain, Fire Veil', 'N/A', 'N/A', 'Find: Da-Cho Statue'),
        ('Edgehead', '27', 'N/A', '900', '80', '36', '370', '385', 'N/A', 'X-Potion, Smoke Bomb, Hourglass', 'N/A', 'N/A', 'Find: Wutai Area'),
        ('Razor Weed', '27', 'Magic Hammer', '1000', '145', '30', '375', '350', 'N/A', 'Tranquilizer, Hi-Potion, Loco Weed', 'N/A', 'N/A', 'Find: Wutai Area'),
        ('Jayjujayme', '28', 'N/A', '640', '20', '35', '410', '350', 'N/A', 'Remedy, Deadly Waste, X-Potion', 'N/A', 'N/A', 'Find: Wutai Area'),
        ('Tail Vault', '28', 'N/A', '960', '0', '380', '440', '36', 'N/A', 'Phoenix Down', 'N/A', 'N/A', 'Find; Wutai Area'),
        ('Bizarre Bug', '28', 'N/A', '975', '0', '40', '420', '340', 'N/A', 'X-Potion', 'N/A', 'N/A', 'Find: Wutai Area'),
        ('Thunderbird', '28', 'N/A', '800', '80', '36', '385', '420', 'N/A', 'Bolt Plume, Hi-Potion, Echo Screen', 'Bolt Plume', 'Swift Bolt', 'Find: Wutai Area'),
        ('Garuda', '29', 'N/A', '1400', '200', '30', '520', '520', 'Wind', 'Ice Crystal, Bolt Plume, Light Curtain, Mute Mask', 'N/A', 'N/A', 'Find: Da-Cho Statue'),
        ('Adamantaimai', '30', 'Death Force', '1600', '240', '100', '720', '3000', 'N/A', 'Dragon Scales, Phoenix Down', 'Adaman Bangle', 'N/A', 'Find: Wutai Area Beaches'),
        ('Trickplay', '24', 'L4 Suicide', '1500', '100', '35', '480', '800', 'N/A', 'Hi-Potion', 'N/A', 'N/A', 'Find: Bone Village Area'),
        ('Boundfat', '27', 'N/A', '500', '80', '40', '420', '350', 'N/A', 'Dazers', 'Dazers', 'Dazers', 'Find: Corral Valley'),
        ('Grimguard', '31', 'N/A', '880', '120', '45', '600', '560', 'N/A', 'Shrivel', 'Shrivel', 'N/A', 'Find: Corral Valley Cave'),
        ('Malldancer', '32', 'N/A', '600', '100', '58', '500', '700', 'N/A', 'Hi-Potion', 'Phoenix Down', 'X-Potion', 'Find: Corral Valley'),
        ('Hungry', '33', 'N/A', '2000', '100', '60', '700', '600', 'N/A', 'Ether', 'N/A', 'N/A', 'Find: Corral Valley'),
        ('Acrophies', '35', 'N/A', '2400', '220', '90', '800', '1200', 'N/A', 'N/A', 'Water Ring', 'N/A', 'Find: Corral Valley Cave'),
        ('Jumping', '24', 'N/A', '999', '0', '30', '400', '50', 'N/A', 'Hi-Potion', 'N/A', 'Antarctic Wind', 'Find: Icicle Inn Area'),
        ('Evilhead', '28', 'N/A', '740', '45', '50', '650', '400', 'N/A', 'Vampire Head', 'N/A', 'Holy Torch', 'Find: Gaea Cliff'),
        ('Frozen Nail', '28', 'N/A', '1300', '100', '50', '520', '800', 'N/A', 'N/A', 'N/A', 'N/A', 'Find: Great Glacier'),
        ('Bandersnatch', '30', 'N/A', '860', '100', '40', '510', '600', 'Fire', 'Hi-Potion', 'N/A', 'Ice Crystal', 'Find: Icicle Area'),
        ('Zolokalter', '30', 'N/A', '950', '90', '60', '700', '700', 'N/A', 'X-Potion', 'N/A', 'Antidote', 'Find: Gaea Cliff'),
        ('Ironite', '30', 'N/A', '2400', '100', '48', '900', '680', 'N/A', 'Hi-Potion', 'Phoenix Down', 'N/A', 'Find: Whirlwind Maze'),
        ('Icicle', '30', 'N/A', '3000', '300', '0', '500', '0', 'Fire, Gravity', 'N/A', 'N/A', 'N/A', 'Find: Gaea Cliff'),
        ('Killbin', '30', 'N/A', '3200', '380', '150', '700', '1000', 'N/A', 'Ether', 'Turbo Ether', 'Mind Source', 'Find: Whirlwind Maze'),
        ('Shred', '32', 'N/A', '900', '100', '40', '500', '950', 'Fire, Wind', 'Ether', 'N/A', 'N/A', 'Find: Great Glacier'),
        ('Sculpture', '32', 'N/A', '1700', '100', '60', '860', '640', 'Holy', 'N/A', 'Tranquilizer', 'N/A', 'Find: Whirlwind Maze'),
        ('Grenade', '32', 'N/A', '2000', '0', '100', '900', '400', 'N/A', 'Right Arm', 'Right Arm', 'Right Arm', 'Find: Crater Area'),
        ('Cuahl', '33', 'N/A', '1300', '60', '70', '720', '800', 'N/A', 'Hi-Potion', 'Tranquilizer', 'Tranquilizer', 'Find: Gaea Cliff'),
        ('Vlakorados', '33', 'N/A', '33333', '333', '40', '510', '460', 'N/A', 'Carob Nut', 'Carob Nut', 'Elixer', 'Find: Bone Village Area'),
        ('Lessaloploth', '34', 'N/A', '2000', '400', '65', '920', '1000', 'Wind', 'Phoenix Down', 'Phoenix Down', 'N/A', 'Find: Great Glacier'),
        ('Magnade', '35', 'N/A', '1000', '100', '50', '980', '1200', 'Fire, Gravity', 'X-Potion', 'Phoenix Down', 'N/A', 'Find: Great Glacier'),
        ('Headbomber', '35', 'N/A', '1600', '200', '64', '640', '460', 'N/A', 'Hyper', 'Tranquilizer', 'Tranquilizer', 'Find: Gaea Cliff'),
        ('Dragon Rider', '35', 'N/A', '3500', '180', '80', '1000', '690', 'Wind', 'Hi-Potion', 'Hi-Potion', 'Mind Source', 'Find: Whirlwind Maze'),
        ('Gremlin', '36', 'N/A', '1500', '100', '60', '750', '750', 'N/A', 'Shrivel', 'Tent', 'X-Potion', 'Find: Whirlwind Maze'),
        ('Wind Wing', '36', 'N/A', '1900', '350', '60', '800', '500', 'N/A', 'Phoenix Down', 'Hi-Potion', 'Phoenix Down', 'Find: Whirlwind Maze'),
        ('Stilva', '40', 'Magic Breath, Trine', '2000', '300', '110', '1000', '1100', 'N/A', 'Tent', 'N/A', 'Holy Torch', 'Find: Gaea Cliff'),
        ('Gigas', '40', 'N/A', '3500', '100', '84', '1600', '2000', 'N/A', 'Earth Mallet', 'Gigas Armlet', 'N/A', 'Find: Crater Area'),
        ('Ice Golem', '40', 'N/A', '4000', '300', '70', '1000', '1500', 'N/A', 'Hi-Potion', 'Hi-Potion', 'N/A', 'Find: Great Glacier, Gaea Cliff, Icicle Area'),
        ('Blue Dragon', '41', 'Dragon Force', '8800', '500', '200', '1200', '1000', 'N/A', 'Dragon Armlet', 'N/A', 'N/A', 'Find: Gaea Cliff'),
        ('Malboro', '44', 'Bad Breath', '4400', '900', '100', '1000', '100', 'Water', 'M-Tentacles', 'M-Tentacles, Echo Screen', 'N/A', 'Find: Gaea Cliff, Northern Crater'),
        ('Sea Worm', '22', 'N/A', '9000', '200', '200', '1300', '5000', 'Ice', 'Turbo Ether', 'Dragon Scales', 'Dragon Scales', 'Find: Mideel Beaches'),
        ('Head Hunter', '30', 'N/A', '2000', '100', '80', '650', '1000', 'N/A', 'Ether', 'Tranquilizer', 'N/A', 'Find: Mideel Area'),
        ('Death Machine', '35', 'Matra Magic', '2500', '150', '80', '900', '1200', 'N/A', 'N/A', 'W-Machine Gun', 'N/A', 'Find: Junon Path'),
        ('SOLDIER:2nd', '35', 'N/A', '4000', '340', '85', '1000', '750', 'N/A', 'X-Potion', 'Remedy', 'N/A', 'Find: Junon'),
        ('Crysales', '37', 'N/A', '1500', '100', '80', '800', '600', 'N/A', 'Ether', 'N/A', 'Dream Powder', 'Find: Mideel Forest'),
        ('Slalom', '37', 'N/A', '1600', '30', '70', '700', '1500', 'N/A', 'Deadly Waste', 'Smoke Bomb', 'Hi-Potion', 'Find: Underwater Reactor'),
        ('Hippogriff', '37', 'N/A', '3000', '280', '80', '800', '1500', 'N/A', 'Echo Screen', 'N/A', 'N/A', 'Find: Mideel Area'),
        ('Roulette Cannon', '38', 'N/A', '3000', '200', '100', '1200', '1600', 'Lightning', 'X-Potion', 'N/A',' N/A', 'Find: Junon'),
        ('Spiral', '39', 'N/A', '2800', '100', '80', '700', '1300', 'N/A', 'Hi-Potion', 'X-Potion', 'Guard Source', 'Find: Mideel Area'),
        ('Goblin', '40', 'Goblin Punch', '2000', '80', '20', '20', '20', 'N/A', 'Zeio Nut', 'Zeio Nut', 'N/A', 'Find: Goblin Island'),
        ('Cactuer', '40', 'N/A', '6000', '120', '100', '1000', '1000', 'N/A', 'N/A', 'N/A', 'Tetra Elemental', 'Find: Cactuar Isle, Corel Materia Cave Area'),
        ('Gas Ducter', '42', 'N/A', '3000', '200', '80', '900', '1200', 'N/A', 'N/A', 'N/A', 'N/A', 'Find: Corel Train'),
        ('Wolfmeister', '43', 'N/A', '10000', '200', '600', '10000', '100', 'Water', 'N/A', 'N/A', 'N/A', 'Find: Corel Train'),
        ('Eagle Gun', '46', 'N/A', '17000', '40', '90', '2000', '3800', 'Lightning', 'X-Potion', 'Warrior Bangle', 'N/A', 'Find: Corel Train'),
        ('Quick Machine Gun', '20', 'N/A', '1000', '0', '60', '600', '300', 'Lightning', 'N/A', 'N/A', 'Hi-Potion', 'Find: Underwater Reactor'),
        ('Rocket Launcher', '20', 'N/A', '1000', '0', '60', '600', '300', 'Lightning', 'N/A', 'N/A', 'Hi-Potion', 'Find: Junon'),
        ('Tonberry', '25', 'N/A', '15000', '250', '99', '999', '999', 'N/A', 'Phoenix Down', 'Turbo Ether', 'Elixer', 'Find: Northern Crater'),
        ('Submarine Crew', '32', 'N/A', '1500', '85', '80', '850', '500', 'N/A', 'S-Mine, Shinra Beta', '8-Inch Cannon', 'N/A', 'Find: Underwater Reactor'),
        ('Hard Attacker', '32', 'N/A', '2500', '150', '58', '750', '600', 'N/A', 'Molotov', 'N/A', 'N/A', 'Find: Underwater Reactor'),
        ('Underwater MP', '34', 'N/A', '1000', '100', '80', '820', '600', 'N/A', 'Grenade', 'Shinra Alpha', 'N/A', 'Find: Underwater Reactor'),
        ('Captain', '34', 'N/A', '2000', '90', '84', '850', '1050', 'N/A', 'S-Mine', 'Shinra Alpha', 'N/A', 'Find: Shinra Sub'),
        ('Guard System', '35', 'N/A', '2200', '200', '80', '1100', '1200', 'N/A', 'Molotov', 'N/A', 'N/A', 'Find: Junon'),
        ('Senior Grunt', '35', 'N/A', '2600', '245', '90', '930', '800', 'N/A', 'N/A', 'N/A', 'N/A', 'Find: Underwater Reactor'),
        ('Epiolnis', '36', 'N/A', '1800', '90', '70', '950', '1500', 'N/A', 'N/A', 'Wizard Bracelet', 'N/A', 'Find: Ancient Forest'),
        ('Corvette', '36', 'N/A', '3200', '260', '2200', '1050', '60', 'Confusion', 'Loco Weed', 'Hyper', 'Light Curtain', 'Find: Underwater Reactor'),
        ('Diver Nest', '38', 'N/A', '2800', '100', '60', '1340', '1250', 'N/A', 'X-Potion', 'N/A', 'N/A', 'Find: Underwater Reactor'),
        ('Bad Rap', '38', 'N/A', '9000', '120', '70', '1100', '2500', 'N/A', 'Dazers', 'Ink', 'Luck Source', 'Find: Crashed Gelnika'),
        ('Gun Carrier', '39', 'N/A', '3400', '240', '75', '860', '1600', 'Lightning', 'S-Mine', 'N/A', 'N/A', 'Find: Underwater Reactor'),
        ('Ho-Chu', '39', 'N/A', '8600', '290', '0', '0', '0', 'N/A', 'N/A', 'Circlet', 'Ribbon', 'Find: Battle Arena'),
        ('Rilfsak', '40', 'N/A', '2000', '500', '70', '1000', '900', 'N/A', 'X-Potion', 'N/A', 'N/A', 'Find: Ancient Forest'),
        ('Guardian', '40', 'N/A', '4000', '340', '60', '940', '500', 'N/A', 'N/A', 'N/A', 'N/A', 'Find: Underwater Reactor'),
        ('Serpent', '40', 'Aqualung', '14000', '290', '70', '1400', '2500', 'Wind', 'Dragon Scales, Stardust', 'Water Ring', 'Mind Source', 'Find: Crashed Gelnika'),
        ('Diablo', '41', 'N/A', '4000', '200', '70', '1100', '1100', 'N/A', 'N/A', 'N/A', 'N/A', 'Find: Ancient Forest'),
        ('Poodler', '42', 'N/A', '6000', '220', '70', '900', '2500', 'N/A', 'X-Potion', 'Turbo Ether', 'Speed Source', 'Find: Crashed Gelnika'),
        ('Ghost Ship', '44', 'N/A', '6600', '100', '60', '1600', '2000', 'Holy, Cure', 'Phoenix Down', 'Phoenix Down', 'Guide Book', 'Find: Underwater Reactor Tunnel'),
        ('Unknown', '50', 'N/A', '11000', '110', '150', '1500', '5000', 'N/A', 'Light Curtain', 'Fire Armlet', 'Power Source', 'Find: Crashed Gelnika'),
        ('Unknown 2', '51', 'N/A', '13000', '130', '300', '3000', '10000', 'N/A', 'Lunar Curtain', 'Aurora Armlet', 'Guard Source', 'Find: Crashed Gelnika'),
        ('Unknown 3', '52', 'N/A', '15000', '150', '200', '2000', '7500', 'N/A', 'Holy Torch', 'Bolt Armlet', 'Magic Source', 'Find: Crashed Gelnika'),
        ('Manhole', '35', 'N/A', '2500', '110', '80', '900', '3000', 'N/A', 'X-Potion', 'N/A', 'N/A', 'Find: Sector 8'),
        ('Shadow Maker', '42', 'N/A', '2000', '120', '25', '500', '500', 'Lightning', 'Turbo Ether', 'Graviball', 'N/A', 'Find: Sector 8 Tunnel'),
        ('Cromwell', '42', 'N/A', '3500', '120', '80', '800', '1500', 'Lightning', '8-Inch Cannon', 'N/A', 'N/A', 'Find: Sector 8'),
        ('Crazysaw', '44', 'N/A', '3900', '340', '80', '800', '1300', 'Lightning', 'Phoenix Down, Ether', 'Mute Mask', 'Turbo Ether', 'Find: Sector 8'),
        ('SOLDIER:1st', '44', 'N/A', '5000', '400', '90', '960', '2400', 'N/A', 'N/A', 'Shinra Alpha', 'N/A', 'Find: Sister Ray'),
        ('Behemoth', '45', '????', '7000', '400', '100', '1500', '2200', 'N/A', 'Stardust', 'Phoenix Down, War Gong', 'N/A', 'Find: Sector 8'),
        ('X Cannon', '46', 'N/A', '20000', '100', '90', '2000', '3000', 'Lightning', 'Turbo Ether', 'N/A', 'N/A', 'Find: Sister Ray'),
        ('Maximum Kimaira', '49', 'N/A', '4000', '350', '90', '1200', '3800', 'N/A', 'N/A', 'N/A', 'Guard Source', 'Find: Sister Ray'),
        ('Grosspanzer Mobile', '50', 'N/A', '10000', '300', '80', '400', '1400', 'Lightning', '8-Inch Cannon(Grosspanzer Big)', 'N/A', 'N/A', 'Find: Sector 8'),
        ('Scissors', '33', 'N/A', '2900', '88', '90', '1000', '1400', 'N/A', 'X-Potion', 'Ether', 'N/A', 'Find: Northern Crater'),
        ('Christopher', '34', 'N/A', '6000', '200', '1300', '800', '80', 'N/A', 'Phoenix Down', 'Earth Drum', 'N/A', 'Find: Northern Crater'),
        ('Pollensalta', '41', 'N/A', '4000', '220', '100', '1000', '1000', 'N/A', 'X-Potion', 'Potion', 'N/A', 'Find: Northern Crater'),
        ('Armored Golem', '41', 'N/A', '10000', '200', '100', '2500', '2680', 'N/A', 'Echo Screen', 'Turbo Ether', 'Guard Source', 'Find: Northern Crater'),
        ('Magic Pot', '41', 'N/A', '4096', '128', '1000', '8000', '8500', 'N/A', 'Turbo Ether', 'N/A', 'N/A', 'Find: Northern Crater'),
        ('Gargoyle', '43', 'N/A', '2000', '200', '80', '800', '2500', 'N/A', 'Remedy, X-Potion', 'X-Potion', 'N/A', 'Find: Northern Crater'),
        ('Master Tonberry', '45', 'N/A', '44444', '100', '200', '6000', '6800', 'N/A', 'Megaelixir', 'Elixer', 'Ribbon', 'Find: Northern Crater'),
        ('Iron Man', '46', 'N/A', '20000', '100', '150', '10000', '600', 'N/A', 'Phoenix Down', 'Elixir', 'Escort Guard', 'Find: Northern Cave Final'),
        ('Allemange', '48', 'N/A', '8000', '200', '100', '1300', '1360', 'Wind', 'Eye Drop', 'Eye Drop', 'N/A', 'Find: Northern Crater'),
        ('Death Dealer', '48', 'Roulette', '7000', '400', '200', '1800', '1200', 'N/A', 'Kiss of Death, X-Potion', 'Turbo Ether', 'N/A', 'Find: Northern Crater'),
        ('Parasite', '51', 'L5 Death, Magic Breath', '6000', '300', '100',' 1100', '1000', 'Wind, Holy', 'Remedy', 'Remedy', 'Remedy', 'Find: Northern Crater'),
        ('Dragon Zombie', '54', 'Shadow Flare, Pandora Box', '13000', '400', '300', '4000', '2800', 'Holy, Cure', 'Cauldron, X-Potion', 'Cauldron', 'Vaccine', 'Find: Northern Crater'),
        ('Dark Dragon', '57', 'Laser, Dragon Force' ,'14000',' 600', '350', '5000', '2500', 'N/A', 'Elixer', 'Dragon Armlet', 'Vaccine', 'Find: Northern Crater'),
        ('Mover', '59', 'N/A', '3000', '120', '800', '0', '30000', 'N/A', 'Turbo Ether', 'Turbo Ether', 'Protect Ring', 'Find: Northern Crater'),
        ('King Behemoth', '60', 'N/A', '18000', '560', '250', '2000', '950', 'N/A', 'X-Potion', 'Phoenix Down', 'N/A', 'Find: Northern Crater')
        
        GO

INSERT INTO Bosses (Name, [Level], Enemy_Skill, Health_Points, Mana_Points, Ability_Points, Experience_Points, Gil, Weakness, Item_Drop, Item_Steal, Morph, [Location])
        VALUES ('Guard Scorpion', '12', 'N/A', '800', '0', '10', '100', '100', 'Lightning', 'Assault', 'N/A', 'N/A', 'Find: No.1 Reactor'),
        ('Airbuster', '15', 'N/A', '1200', '0', '16', '180', '150', 'Lightning', 'Titan Bangle', 'N/A', 'N/A', 'Find: Reactor 5'),
        ('Aps', '18', 'N/A', '1800', '0', '22', '240', '0', 'Fire', 'Phoenix Down', 'N/A', 'N/A', 'Find: Midgar Sewers'),
        ('Dark Nation', '18', 'N/A', '140', '80', '15', '150', '100', 'N/A', 'Guard Source', 'N/A', 'N/A', 'Find: Shinra HQ Rooftop'),
        ('Hundred Gunner', '18', 'N/A', '1600', '0', '35', '330', '300', 'Lightning', 'N/A', 'N/A', 'N/A', 'Find: Shinra HQ Elevator'),
        ('Heli Gunner', '19', 'N/A', '1000', '0', '25', '250', '200', 'Lightning, Wind', 'Mythril Armlet', 'N/A', 'N/A', 'Find: Shinra HQ Elevator'),
        ('Motor Ball', '19', 'N/A', '2600', '120', '45', '440', '350', 'Lightning', 'Star Pendant', 'N/A', 'N/A', 'Find: Midgar Highway'),
        ('Bottomswell', '23', 'N/A', '2500', '100', '52', '500', '1000', 'Wind', 'Power Wrist', 'N/A', 'N/A', 'Find: Junon Harbor Beach'),
        ('Dyne', '23', 'N/A', '1200', '20', '55', '600', '1500', 'N/A', 'Silver Armlet', 'N/A', 'N/A', 'Find: Corel Prison'),
        ('Midgar Zolom', '26', 'Beta', '4000', '348', '25', '250', '400', 'N/A', 'N/A', 'N/A', 'X-Potion', 'Find: Chocobo Farm Swamp'),
        ('Godo', '36', 'Trine', '6000', '240', '60', '5000', '40000', 'N/A', 'All Creation', 'N/A', 'N/A', 'Find: Wutai Area'),
        ('Rapps', '39', 'N/A', '6000', '240', '60', '5000', '4000', 'N/A', 'Peace Ring', 'N/A', 'N/A', 'Find: Da-Chao Mountain'),
        ('Jamar Armor', '62', 'N/A', '20000', '300', '33', '8000', '10000', 'N/A', 'N/A', 'N/A', 'N/A', 'Find: Midgar Area'),
        ('Dyne', '23', 'N/A', '1200', '20', '55', '600', '750', 'N/A', 'Silver Armlet', 'N/A', 'N/A', 'Find: Corel Prison'),
        ('Lost Number', '35', 'N/A', '7000', '300', '80', '2000', '2000', 'N/A', 'Cosmo Memory', 'N/A', 'N/A', 'Find: Shinra Mansion Safe'),
        ('Shake', '32', 'N/A', '4000', '180', '50', '2200', '0', 'N/A', 'Turbo Ether', 'N/A', 'N/A', 'Find: Pagoda: 2F'),
        ('Chekhov', '34', 'N/A', '5000', '210', '50', '2900', '0', 'N/A', 'Ice Ring', 'N/A', 'N/A', 'Find: Pagoda: 3F'),
        ('Staniv', '36', 'N/A', '6000', '240', '50', '3600', '0', 'N/A', 'Elixer', 'N/A', 'N/A', 'Find: Pagoda: 4F'),
        ('Palmer', '38', 'N/A', '6000',' 240', '98', '1800', '5000', 'N/A', 'Edincoat', 'N/A', 'N/A', 'Find: Rocket Town'),
        ('Proud Clod', '53', 'N/A', '60000', '320', '1000', '7000', '10000', 'N/A', 'Ragnarok', 'N/A', 'N/A', 'Find: Midgar'),
        ('Materia Keeper', '38', 'Trine', '8400', '300', '200', '3000', '2400', 'N/A', 'Jem Ring', 'N/A', 'N/A', 'Find: Mt. Nibel'),
        ('Red Dragon', '39', 'N/A', '6800', '300', '200', '3500', '1000', 'N/A', 'Dragon Armlet', 'N/A', 'N/A', 'Find: Temple of the Ancients Shrine'),
        ('Schizo (Right Head)', '43', 'N/A', '18000', '350', '1500', '2200', '120', 'N/A', 'N/A', 'Protect Ring', 'N/A', 'Find: Gaea Cliff'),
        ('Schizo (Left Head)', '43', 'N/A', '18000',' 350', '1500', '2200', '120', 'N/A', 'Dragon Fang', 'N/A', 'N/A', 'Find: Gaea Cliff'),
        ('Demon Gate', '45', 'N/A', '10000', '400', '220', '3800', '4000', 'N/A', 'Gigas Armlet', 'N/A', 'N/A', 'Find: Temple of the Ancients Exit'),
        ('Hundred Gunner', '18', 'N/A', '1600', '0', '35', '330', '300', 'Lightning', 'N/A', 'Hidden Artillery', 'N/A', 'Find: Shinra HQ Elevator'),
        ('Snow', '32', 'N/A', '')